date,value
2003-01-01,1e3
2003-01-02,1004.74
2003-01-03,1002.24
2003-01-06,994.44
2003-01-07,995.41
2003-01-08,1010.31
2003-01-09,1022.53
2003-01-10,1015.95
2003-01-13,1016.31
2003-01-14,1024
2003-01-15,1030.28
2003-01-16,1037.15
2003-01-17,1035.38
2003-01-20,1035.83
2003-01-21,1042.81
2003-01-22,1040.52
2003-01-23,1031.21
2003-01-24,1004.62
2003-01-27,974.52
2003-01-28,990.55
2003-01-29,988.26
2003-01-30,984.01
2003-01-31,981.41
2003-02-03,997.76
2003-02-04,997.67
2003-02-05,991.1
2003-02-06,998.56
2003-02-07,999.05
2003-02-10,979.71
2003-02-11,974.65
2003-02-12,970.69
2003-02-14,955.56
2003-02-17,984.29
2003-02-18,988.26
2003-02-19,995.07
2003-02-20,994.17
2003-02-21,992.58
2003-02-24,999.16
2003-02-25,988.41
2003-02-26,982.07
2003-02-27,993.89
2003-02-28,992.39
2003-03-03,991.48
2003-03-04,977.47
2003-03-05,969.68
2003-03-06,961.77
2003-03-07,944
2003-03-10,928.45
2003-03-11,933.47
2003-03-12,933.26
2003-03-13,929.75
2003-03-17,918.74
2003-03-19,922.25
2003-03-20,933.43
2003-03-21,938.63
2003-03-22,945.47
2003-03-24,926.39
2003-03-25,920.88
2003-03-26,920.05
2003-03-27,918.63
2003-03-28,918.42
2003-03-31,895.36
2003-04-01,904.33
2003-04-02,920.82
2003-04-03,935.61
2003-04-04,953.66
2003-04-07,976.02
2003-04-08,978.57
2003-04-09,970.2
2003-04-10,937.41
2003-04-11,940.97
2003-04-15,947.87
2003-04-16,949.08
2003-04-17,941
2003-04-21,951.01
2003-04-22,951.31
2003-04-23,947.56
2003-04-24,948.32
2003-04-25,949.28
2003-04-28,957.65
2003-04-29,954.13
2003-04-30,958.66
2003-05-02,983.67
2003-05-05,1009
2003-05-06,1014.21
2003-05-07,1007.25
2003-05-08,1004.88
2003-05-09,1010.06
2003-05-12,1028.78
2003-05-13,1046.56
2003-05-14,1062.6
2003-05-15,1081.49
2003-05-16,1090.11
2003-05-19,1085.4
2003-05-20,1093.76
2003-05-21,1111.45
2003-05-22,1114.03
2003-05-23,1118.35
2003-05-26,1135.83
2003-05-27,1135.44
2003-05-28,1144.62
2003-05-29,1159.94
2003-05-30,1179.04
2003-06-02,1175.49
2003-06-03,1182.03
2003-06-04,1201.73
2003-06-05,1195.15
2003-06-06,1198.88
2003-06-09,1212.39
2003-06-10,1187.82
2003-06-11,1201.78
2003-06-12,1215.23
2003-06-13,1211.71
2003-06-16,1209.37
2003-06-17,1229.03
2003-06-18,1228.77
2003-06-19,1234.69
2003-06-20,1238.77
2003-06-23,1239.93
2003-06-24,1245.08
2003-06-25,1260.92
2003-06-26,1272.61
2003-06-27,1292.54
2003-06-30,1309.87
2003-07-01,1319.89
2003-07-02,1344.13
2003-07-03,1367.78
2003-07-04,1373.87
2003-07-07,1393.23
2003-07-08,1383.31
2003-07-09,1355.06
2003-07-10,1364.8
2003-07-11,1370.23
2003-07-14,1391.31
2003-07-15,1367.44
2003-07-16,1388.62
2003-07-17,1369.4
2003-07-18,1357.71
2003-07-21,1337.8
2003-07-22,1323.67
2003-07-23,1339.57
2003-07-24,1358.25
2003-07-25,1387.71
2003-07-28,1405.54
2003-07-29,1410.71
2003-07-30,1434.21
2003-07-31,1432.29
2003-08-01,1444.7
2003-08-04,1474.81
2003-08-05,1447.55
2003-08-06,1444.09
2003-08-07,1477.35
2003-08-08,1492.78
2003-08-11,1506.79
2003-08-12,1512.64
2003-08-13,1534.32
2003-08-14,1541.09
2003-08-18,1583.23
2003-08-19,1555.93
2003-08-20,1568.13
2003-08-21,1574.19
2003-08-22,1572.56
2003-08-25,1515.14
2003-08-26,1576.57
2003-08-27,1614.14
2003-08-28,1618.63
2003-08-29,1640.13
2003-09-01,1659.26
2003-09-02,1657.76
2003-09-03,1639.03
2003-09-04,1644.99
2003-09-05,1669.29
2003-09-08,1709.29
2003-09-09,1692.36
2003-09-10,1679.32
2003-09-11,1694.78
2003-09-12,1668.2
2003-09-15,1627.48
2003-09-16,1656.2
2003-09-17,1653.11
2003-09-18,1598.52
2003-09-19,1600.51
2003-09-22,1604.38
2003-09-23,1620.34
2003-09-24,1645.39
2003-09-25,1652.25
2003-09-26,1681.69
2003-09-29,1698.27
2003-09-30,1710.11
2003-10-01,1726.38
2003-10-03,1755.42
2003-10-06,1794.31
2003-10-07,1790.88
2003-10-08,1795.07
2003-10-09,1830.02
2003-10-10,1829.44
2003-10-13,1865.44
2003-10-14,1822.39
2003-10-15,1826.14
2003-10-16,1836.42
2003-10-17,1840.76
2003-10-20,1814
2003-10-21,1769.59
2003-10-22,1749.44
2003-10-23,1737.5
2003-10-24,1770.55
2003-10-25,1802.35
2003-10-27,1774.57
2003-10-28,1757.41
2003-10-29,1760.93
2003-10-30,1784.81
2003-10-31,1826.46
2003-11-03,1845.36
2003-11-04,1855.39
2003-11-05,1875.17
2003-11-06,1899.59
2003-11-07,1899.75
2003-11-10,1927.97
2003-11-11,1953.39
2003-11-12,1981.37
2003-11-13,1942.98
2003-11-14,1903.5
2003-11-15,1931.1
2003-11-17,1959.8
2003-11-18,1971.56
2003-11-19,1947.3
2003-11-20,1914.24
2003-11-21,1913.85
2003-11-24,1950.46
2003-11-25,1974.35
2003-11-27,2006.15
2003-11-28,2021.73
2003-12-01,2071.89
2003-12-02,2091.51
2003-12-03,2138.78
2003-12-04,2160.8
2003-12-05,2136.3
2003-12-08,2162.57
2003-12-09,2211.44
2003-12-10,2214.09
2003-12-11,2231.56
2003-12-12,2248.58
2003-12-15,2280.21
2003-12-16,2282.05
2003-12-17,2296.07
2003-12-18,2341.74
2003-12-19,2366.25
2003-12-22,2399.13
2003-12-23,2385.47
2003-12-24,2407.96
2003-12-26,2448.93
2003-12-29,2500.95
2003-12-30,2471.18
2003-12-31,2466.42
2004-01-01,2513.97
2004-01-02,2561.73
2004-01-05,2554.63
2004-01-06,2507.74
2004-01-07,2472.08
2004-01-08,2553.57
2004-01-09,2551.41
2004-01-12,2517.23
2004-01-13,2521.15
2004-01-14,2561.54
2004-01-15,2545.94
2004-01-16,2484.37
2004-01-19,2489.75
2004-01-20,2467.81
2004-01-21,2304.78
2004-01-22,2248
2004-01-23,2351.84
2004-01-27,2425.43
2004-01-28,2385.59
2004-01-29,2378.62
2004-01-30,2318.37
2004-02-03,2195.51
2004-02-04,2248.94
2004-02-05,2252.95
2004-02-06,2267.11
2004-02-09,2323.59
2004-02-10,2332.49
2004-02-11,2345.69
2004-02-12,2375.37
2004-02-13,2402.58
2004-02-16,2427.48
2004-02-17,2419.32
2004-02-18,2418.7
2004-02-19,2360.61
2004-02-20,2348.75
2004-02-23,2302.43
2004-02-24,2295.51
2004-02-25,2269.17
2004-02-26,2260.98
2004-02-27,2271.07
2004-03-01,2306.57
2004-03-03,2317.77
2004-03-04,2303.91
2004-03-05,2324.49
2004-03-08,2358.55
2004-03-09,2342.85
2004-03-10,2328.03
2004-03-11,2300.26
2004-03-12,2294.26
2004-03-15,2232.54
2004-03-16,2195.37
2004-03-17,2215.08
2004-03-18,2184.5
2004-03-19,2188.6
2004-03-22,2112.91
2004-03-23,2087.41
2004-03-24,2090.4
2004-03-25,2123.26
2004-03-26,2168.99
2004-03-29,2201.88
2004-03-30,2214.67
2004-03-31,2241.19
2004-04-01,2314.06
2004-04-02,2338.2
2004-04-05,2368.2
2004-04-06,2343.03
2004-04-07,2336.74
2004-04-08,2359.39
2004-04-12,2385.3
2004-04-13,2415.61
2004-04-15,2440.69
2004-04-16,2451.82
2004-04-17,2473.44
2004-04-19,2446.27
2004-04-20,2430.76
2004-04-21,2478.81
2004-04-22,2500.67
2004-04-23,2512.79
2004-04-27,2386.82
2004-04-28,2391.24
2004-04-29,2411.86
2004-04-30,2401.96
2004-05-03,2349.36
2004-05-04,2416.86
2004-05-05,2436.26
2004-05-06,2490.38
2004-05-07,2461.86
2004-05-10,2426.89
2004-05-11,2314.71
2004-05-12,2325.26
2004-05-13,2330.87
2004-05-14,2115.01
2004-05-17,1859
2004-05-18,2001.03
2004-05-19,2121.75
2004-05-20,2141.14
2004-05-21,2132.16
2004-05-24,2186.59
2004-05-25,2178.08
2004-05-26,2196.41
2004-05-27,2176.34
2004-05-28,2082.47
2004-05-31,1997.64
2004-06-01,2023.69
2004-06-02,2043.81
2004-06-03,2010.76
2004-06-04,2018.86
2004-06-07,2040.26
2004-06-08,2048.06
2004-06-09,2066.4
2004-06-10,2072.41
2004-06-11,2039.6
2004-06-14,1982.7
2004-06-15,1993.79
2004-06-16,1999.88
2004-06-17,1996.05
2004-06-18,1981.57
2004-06-21,1955.17
2004-06-22,1938.98
2004-06-23,1896.53
2004-06-24,1900.37
2004-06-25,1945.96
2004-06-28,1998.65
2004-06-29,2014.99
2004-06-30,2023.05
2004-07-01,2041.19
2004-07-02,2046.43
2004-07-05,2032.03
2004-07-06,2043.2
2004-07-07,2053.55
2004-07-08,2009.87
2004-07-09,2044.29
2004-07-12,2060.29
2004-07-13,2059.95
2004-07-14,2070.89
2004-07-15,2096.2
2004-07-16,2136.21
2004-07-19,2157.77
2004-07-20,2150.21
2004-07-21,2156.43
2004-07-22,2175.3
2004-07-23,2186.97
2004-07-26,2192.78
2004-07-27,2159.63
2004-07-28,2148.22
2004-07-29,2169.48
2004-07-30,2186.56
2004-08-02,2185.76
2004-08-03,2192.61
2004-08-04,2197.18
2004-08-05,2224.88
2004-08-06,2216.16
2004-08-09,2227.05
2004-08-10,2232.16
2004-08-11,2194.78
2004-08-12,2175.11
2004-08-13,2180.08
2004-08-16,2171.84
2004-08-17,2191.75
2004-08-18,2184.2
2004-08-19,2202.21
2004-08-20,2187.66
2004-08-23,2166.35
2004-08-24,2186.09
2004-08-25,2191.21
2004-08-26,2218.95
2004-08-27,2231.79
2004-08-30,2277.7
2004-08-31,2294.52
2004-09-01,2312.34
2004-09-02,2305.88
2004-09-03,2324.88
2004-09-06,2354.91
2004-09-07,2364.31
2004-09-08,2376.73
2004-09-09,2349.57
2004-09-10,2364.49
2004-09-13,2367.57
2004-09-14,2366.3
2004-09-15,2367.38
2004-09-16,2396.47
2004-09-17,2411.71
2004-09-20,2408.35
2004-09-21,2426.28
2004-09-22,2442.6
2004-09-23,2432.56
2004-09-24,2445.66
2004-09-27,2448.97
2004-09-28,2436.81
2004-09-29,2451.26
2004-09-30,2462.88
2004-10-01,2479.62
2004-10-04,2504.52
2004-10-05,2530.29
2004-10-06,2523.94
2004-10-07,2535.54
2004-10-08,2539.19
2004-10-09,2554.21
2004-10-11,2534.84
2004-10-12,2488.84
2004-10-14,2475.12
2004-10-15,2472.71
2004-10-18,2469.04
2004-10-19,2482.37
2004-10-20,2470.11
2004-10-21,2457.53
2004-10-25,2417.9
2004-10-26,2428.21
2004-10-27,2466.05
2004-10-28,2472.44
2004-10-29,2466.42
2004-11-01,2470.89
2004-11-02,2500.68
2004-11-03,2545.9
2004-11-04,2556.94
2004-11-05,2563
2004-11-08,2566.07
2004-11-09,2553.71
2004-11-10,2577.34
2004-11-11,2581.08
2004-11-12,2597.83
2004-11-16,2618.4
2004-11-17,2675.41
2004-11-18,2712.06
2004-11-19,2681.27
2004-11-22,2708.09
2004-11-23,2749.96
2004-11-24,2763
2004-11-25,2762.6
2004-11-29,2804.42
2004-11-30,2790.99
2004-12-01,2800.29
2004-12-02,2855.95
2004-12-03,2857.37
2004-12-06,2857.46
2004-12-07,2856.71
2004-12-08,2852.37
2004-12-09,2860.43
2004-12-10,2850.69
2004-12-13,2876.54
2004-12-14,2905.07
2004-12-15,2920.72
2004-12-16,2937.66
2004-12-17,2946.22
2004-12-20,2974.93
2004-12-21,3005.77
2004-12-22,2991.26
2004-12-23,3035.48
2004-12-24,3053.64
2004-12-27,3088.26
2004-12-28,3132.48
2004-12-29,3099.7
2004-12-30,3101.37
2004-12-31,3161.88
2005-01-03,3227.48
2005-01-04,3226.78
2005-01-05,3108.11
2005-01-06,3049.57
2005-01-07,3098.2
2005-01-10,3107.19
2005-01-11,3021.9
2005-01-12,2905.08
2005-01-13,2999.48
2005-01-14,2972.23
2005-01-17,2945.9
2005-01-18,2957.21
2005-01-19,2935.34
2005-01-20,2900.34
2005-01-24,2876.14
2005-01-25,2903.1
2005-01-27,2950.4
2005-01-28,2992.02
2005-01-31,3036.58
2005-02-01,3052.68
2005-02-02,3072.07
2005-02-03,3127.32
2005-02-04,3124.73
2005-02-07,3136.12
2005-02-08,3144.87
2005-02-09,3181.69
2005-02-10,3182.51
2005-02-11,3187.2
2005-02-14,3193.66
2005-02-15,3158.36
2005-02-16,3143.86
2005-02-17,3131.75
2005-02-18,3135.87
2005-02-21,3117.44
2005-02-22,3143.93
2005-02-23,3156.78
2005-02-24,3150.45
2005-02-25,3132.18
2005-02-28,3163.16
2005-03-01,3164.88
2005-03-02,3209.81
2005-03-03,3248.01
2005-03-04,3273.99
2005-03-07,3294.57
2005-03-08,3325.47
2005-03-09,3285.91
2005-03-10,3311.33
2005-03-11,3297.41
2005-03-14,3276.84
2005-03-15,3266.49
2005-03-16,3283.15
2005-03-17,3241.03
2005-03-18,3214.6
2005-03-21,3206.57
2005-03-22,3128.67
2005-03-23,3058.42
2005-03-24,3042.83
2005-03-28,3071.92
2005-03-29,3011.11
2005-03-30,3053.44
2005-03-31,3108.3
2005-04-01,3178.35
2005-04-04,3199.65
2005-04-05,3160.2
2005-04-06,3188.58
2005-04-07,3193.26
2005-04-08,3178.46
2005-04-11,3147.14
2005-04-12,3172.9
2005-04-13,3181.43
2005-04-15,3106.35
2005-04-18,3072.15
2005-04-19,3048.58
2005-04-20,3061.38
2005-04-21,3110.47
2005-04-22,3138.42
2005-04-25,3151.91
2005-04-26,3155.46
2005-04-27,3118.79
2005-04-28,3092.27
2005-04-29,3048.43
2005-05-02,3025.62
2005-05-03,3034.18
2005-05-04,3068.75
2005-05-05,3103.18
2005-05-06,3110.14
2005-05-09,3151.49
2005-05-10,3146.37
2005-05-11,3147.56
2005-05-12,3172.44
2005-05-13,3183.42
2005-05-16,3207.65
2005-05-17,3178.92
2005-05-18,3182.99
2005-05-19,3205.59
2005-05-20,3198.88
2005-05-23,3220.44
2005-05-24,3236.41
2005-05-25,3250.73
2005-05-26,3242.34
2005-05-27,3235.4
2005-05-30,3223.22
2005-05-31,3255.91
2005-06-01,3272.78
2005-06-02,3258.42
2005-06-03,3288.36
2005-06-04,3308.13
2005-06-06,3313.07
2005-06-07,3336.59
2005-06-08,3347.24
2005-06-09,3350.66
2005-06-10,3330.12
2005-06-13,3335.85
2005-06-14,3337.22
2005-06-15,3352.67
2005-06-16,3310.03
2005-06-17,3271.53
2005-06-20,3263.3
2005-06-21,3273.83
2005-06-22,3274.6
2005-06-23,3291.98
2005-06-24,3308.94
2005-06-27,3305.08
2005-06-28,3258.91
2005-06-29,3284
2005-06-30,3266.06
2005-07-01,3314.65
2005-07-04,3365.42
2005-07-05,3354.16
2005-07-06,3410.52
2005-07-07,3363.49
2005-07-08,3417.29
2005-07-11,3462.85
2005-07-12,3475.11
2005-07-13,3505.73
2005-07-14,3500.42
2005-07-15,3533.85
2005-07-18,3603.25
2005-07-19,3637.79
2005-07-20,3660.16
2005-07-21,3643.43
2005-07-22,3685.15
2005-07-25,3700.95
2005-07-26,3683.17
2005-07-27,3684.77
2005-07-29,3653.19
2005-08-01,3674.51
2005-08-02,3737.31
2005-08-03,3739.35
2005-08-04,3777.66
2005-08-05,3808.36
2005-08-08,3767.96
2005-08-09,3744.22
2005-08-10,3815.26
2005-08-11,3860.59
2005-08-12,3872.56
2005-08-16,3889.36
2005-08-17,3928.33
2005-08-18,3910.26
2005-08-19,3899.29
2005-08-22,3894.03
2005-08-23,3816.99
2005-08-24,3770.04
2005-08-25,3813.23
2005-08-26,3876.78
2005-08-29,3860.61
2005-08-30,3900.37
2005-08-31,3935.72
2005-09-01,3969.35
2005-09-02,3990.28
2005-09-05,4004.2
2005-09-06,4005.19
2005-09-08,4035.4
2005-09-09,4044.3
2005-09-12,4093.53
2005-09-13,4119.93
2005-09-14,4096.66
2005-09-15,4142.13
2005-09-16,4154.83
2005-09-19,4199.93
2005-09-20,4178.78
2005-09-21,4085.15
2005-09-22,3894.51
2005-09-23,3938.72
2005-09-26,4060.16
2005-09-27,4091.73
2005-09-28,4116.74
2005-09-29,4103.2
2005-09-30,4096.59
2005-10-03,4154.36
2005-10-04,4210.1
2005-10-05,4184.87
2005-10-06,4119.61
2005-10-07,4094.86
2005-10-10,4075.07
2005-10-11,4073.51
2005-10-13,4036.06
2005-10-14,3958.76
2005-10-17,3939.44
2005-10-18,3917.76
2005-10-19,3808.23
2005-10-20,3755.92
2005-10-21,3807.8
2005-10-24,3803.97
2005-10-25,3817.21
2005-10-26,3806.6
2005-10-27,3735.7
2005-10-28,3669
2005-10-31,3747.92
2005-11-01,3790.05
2005-11-02,3811.78
2005-11-07,3881.66
2005-11-08,3930.85
2005-11-09,3923.69
2005-11-10,3936.56
2005-11-11,3988.97
2005-11-14,4001.81
2005-11-16,4029.08
2005-11-17,4049.46
2005-11-18,4076.2
2005-11-21,4051.72
2005-11-22,4024.75
2005-11-23,4034.68
2005-11-24,4061.64
2005-11-25,4106.73
2005-11-26,4148.16
2005-11-28,4164.72
2005-11-29,4146
2005-11-30,4134.24
2005-12-01,4190.66
2005-12-02,4206.68
2005-12-05,4182.68
2005-12-06,4177.39
2005-12-07,4199.56
2005-12-08,4213.89
2005-12-09,4239.03
2005-12-12,4241.51
2005-12-13,4286.2
2005-12-14,4286.58
2005-12-15,4251.03
2005-12-16,4281.02
2005-12-19,4323.43
2005-12-20,4306.43
2005-12-21,4305.09
2005-12-22,4319.34
2005-12-23,4278.1
2005-12-26,4186.8
2005-12-27,4271.03
2005-12-28,4273.99
2005-12-29,4301.62
2005-12-30,4349.37
2006-01-02,4377.7
2006-01-03,4442.45
2006-01-04,4475.14
2006-01-05,4506.98
2006-01-06,4535.84
2006-01-09,4573.4
2006-01-10,4547.07
2006-01-12,4534.44
2006-01-13,4545.5
2006-01-16,4519.98
2006-01-17,4468.73
2006-01-18,4439.05
2006-01-19,4516.2
2006-01-20,4558.19
2006-01-23,4554.85
2006-01-24,4562.94
2006-01-25,4596.62
2006-01-27,4687.2
2006-01-30,4638.88
2006-01-31,4650.27
2006-02-01,4608.06
2006-02-02,4613.46
2006-02-03,4629.7
2006-02-06,4694.92
2006-02-07,4718.82
2006-02-08,4720.82
2006-02-10,4781.09
2006-02-13,4816.72
2006-02-14,4795.7
2006-02-15,4782.2
2006-02-16,4793.49
2006-02-17,4719.7
2006-02-20,4657.8
2006-02-21,4688.91
2006-02-22,4694.47
2006-02-23,4680.7
2006-02-24,4723.1
2006-02-27,4746.22
2006-02-28,4748.97
2006-03-01,4856.19
2006-03-02,4890.24
2006-03-03,4916.81
2006-03-06,4972.51
2006-03-07,5018.97
2006-03-08,4931.18
2006-03-09,4952.85
2006-03-10,4995.51
2006-03-13,5023.2
2006-03-14,5004.51
2006-03-16,5024.32
2006-03-17,5011.87
2006-03-20,5055.32
2006-03-21,5051.64
2006-03-22,5004.08
2006-03-23,5014.68
2006-03-24,5047.86
2006-03-27,5082.83
2006-03-28,5045.05
2006-03-29,5058.29
2006-03-30,5094.13
2006-03-31,5175.1
2006-04-03,5293.64
2006-04-04,5335.63
2006-04-05,5424.48
2006-04-07,5350.75
2006-04-10,5379.46
2006-04-12,5269.17
2006-04-13,5150.77
2006-04-17,5243.38
2006-04-18,5309.77
2006-04-19,5318.58
2006-04-20,5357.51
2006-04-21,5376.7
2006-04-24,5400.76
2006-04-25,5327.68
2006-04-26,5400.77
2006-04-27,5431.04
2006-04-28,5430.12
2006-04-29,5559.78
2006-05-02,5612.93
2006-05-03,5641.7
2006-05-04,5668.19
2006-05-05,5680.61
2006-05-08,5712.74
2006-05-09,5717.55
2006-05-10,5757.42
2006-05-11,5688.3
2006-05-12,5631.82
2006-05-15,5405.88
2006-05-16,5359.02
2006-05-17,5539.86
2006-05-18,5176.72
2006-05-19,4959.99
2006-05-22,4632.44
2006-05-23,4802.31
2006-05-24,4751.92
2006-05-25,4705.09
2006-05-26,4822.69
2006-05-29,4885.49
2006-05-30,4865.73
2006-05-31,4764.66
2006-06-01,4616.45
2006-06-02,4613.2
2006-06-05,4556.02
2006-06-06,4387.54
2006-06-07,4111.46
2006-06-08,3777.71
2006-06-09,4036.51
2006-06-12,3969.42
2006-06-13,3721.66
2006-06-14,3613.09
2006-06-15,3843.91
2006-06-16,4009.47
2006-06-19,4086.43
2006-06-20,4078.56
2006-06-21,4190.1
2006-06-22,4293.61
2006-06-23,4309.88
2006-06-25,4344.53
2006-06-26,4174.08
2006-06-27,4147.56
2006-06-28,4115.84
2006-06-29,4129.83
2006-06-30,4281.29
2006-07-03,4287.74
2006-07-04,4277.07
2006-07-05,4322.93
2006-07-06,4301.7
2006-07-07,4217.86
2006-07-10,4229.7
2006-07-11,4232.11
2006-07-12,4260.35
2006-07-13,4251.75
2006-07-14,4216.32
2006-07-17,4117.48
2006-07-18,4062.63
2006-07-19,3959.89
2006-07-20,4043.68
2006-07-21,3961.55
2006-07-24,3946.74
2006-07-25,4030.49
2006-07-26,4093.56
2006-07-27,4138.19
2006-07-28,4179.04
2006-07-31,4221.5
2006-08-01,4201.03
2006-08-02,4252.25
2006-08-03,4275.05
2006-08-04,4253.33
2006-08-07,4263.37
2006-08-08,4318.78
2006-08-09,4394.26
2006-08-10,4462.54
2006-08-11,4511.55
2006-08-14,4583.02
2006-08-16,4647.41
2006-08-17,4627.62
2006-08-18,4659.67
2006-08-21,4685.23
2006-08-22,4684.51
2006-08-23,4635.2
2006-08-24,4657.36
2006-08-25,4704.57
2006-08-28,4727.85
2006-08-29,4729.76
2006-08-30,4738.32
2006-08-31,4696.51
2006-09-01,4746.56
2006-09-04,4807.26
2006-09-05,4830.66
2006-09-06,4851.89
2006-09-07,4849.68
2006-09-08,4914.23
2006-09-11,4750.59
2006-09-12,4816.97
2006-09-13,4906.5
2006-09-14,4933.61
2006-09-15,4934.62
2006-09-18,4944.16
2006-09-19,4879.64
2006-09-20,4917.85
2006-09-21,4948.67
2006-09-22,4928.41
2006-09-25,4919.73
2006-09-26,4958.29
2006-09-27,5005.47
2006-09-28,5050.85
2006-09-29,5124.13
2006-10-03,5125.88
2006-10-04,5098.52
2006-10-05,5196.54
2006-10-06,5215.11
2006-10-09,5243.07
2006-10-10,5237.12
2006-10-11,5170.5
2006-10-12,5216.64
2006-10-13,5215.71
2006-10-16,5199
2006-10-17,5175.85
2006-10-18,5196.38
2006-10-19,5142.86
2006-10-20,5178.85
2006-10-21,5207.63
2006-10-23,5176.99
2006-10-26,5220.25
2006-10-27,5289.77
2006-10-30,5294.69
2006-10-31,5282.68
2006-11-01,5309.23
2006-11-02,5342.94
2006-11-03,5329.47
2006-11-06,5391.69
2006-11-07,5407.76
2006-11-08,5354.03
2006-11-09,5403.26
2006-11-10,5431.41
2006-11-13,5500.79
2006-11-14,5492.33
2006-11-15,5507.26
2006-11-16,5521.2
2006-11-17,5431.38
2006-11-20,5350.99
2006-11-21,5431.08
2006-11-22,5480.12
2006-11-23,5511.72
2006-11-24,5525.16
2006-11-27,5554.63
2006-11-28,5507.45
2006-11-29,5565.85
2006-11-30,5542.92
2006-12-01,5605.85
2006-12-04,5628.99
2006-12-05,5644.96
2006-12-06,5593.97
2006-12-07,5604.64
2006-12-08,5579.03
2006-12-11,5405.19
2006-12-12,5168.01
2006-12-13,5289.88
2006-12-14,5426.2
2006-12-15,5482.71
2006-12-18,5480.85
2006-12-19,5405.47
2006-12-20,5387.78
2006-12-21,5443.33
2006-12-22,5492.12
2006-12-26,5557.9
2006-12-27,5616.8
2006-12-28,5640.33
2006-12-29,5691.83
2007-01-02,5665.01
2007-01-03,5710.88
2007-01-04,5721.87
2007-01-05,5705.99
2007-01-08,5644.58
2007-01-09,5594.56
2007-01-10,5545.9
2007-01-11,5629.46
2007-01-12,5723.9
2007-01-15,5758.22
2007-01-16,5779.74
2007-01-17,5825.45
2007-01-18,5824.68
2007-01-19,5784.72
2007-01-22,5783.62
2007-01-23,5706.32
2007-01-24,5748.64
2007-01-25,5821.9
2007-01-29,5831.92
2007-01-31,5781.6
2007-02-01,5837.85
2007-02-02,5856.06
2007-02-05,5885.41
2007-02-06,5905.06
2007-02-07,5924.23
2007-02-08,5926.71
2007-02-09,5797.17
2007-02-12,5575.62
2007-02-13,5569.07
2007-02-14,5583.37
2007-02-15,5747.19
2007-02-19,5737.81
2007-02-20,5665.15
2007-02-21,5664.88
2007-02-22,5588.6
2007-02-23,5479.56
2007-02-26,5524.65
2007-02-27,5538.19
2007-02-28,5345.51
2007-03-01,5363.05
2007-03-02,5310.39
2007-03-05,5040.88
2007-03-06,5074.97
2007-03-07,4960.05
2007-03-08,5129.82
2007-03-09,5104.34
2007-03-12,5144.46
2007-03-13,5187.27
2007-03-14,5068.83
2007-03-15,5081.65
2007-03-16,5043.86
2007-03-19,5115.48
2007-03-20,5186.24
2007-03-21,5229.66
2007-03-22,5317.87
2007-03-23,5338.16
2007-03-26,5325.08
2007-03-28,5253.58
2007-03-29,5263.34
2007-03-30,5337.35
2007-04-02,5156.98
2007-04-03,5190.5
2007-04-04,5233.62
2007-04-05,5294.53
2007-04-09,5394.03
2007-04-10,5457.48
2007-04-11,5468.05
2007-04-12,5447.29
2007-04-13,5533.92
2007-04-16,5616.92
2007-04-17,5605.68
2007-04-18,5635.13
2007-04-19,5631.72
2007-04-20,5684.65
2007-04-23,5689.33
2007-04-24,5745.28
2007-04-25,5801.24
2007-04-26,5772.45
2007-04-27,5721.22
2007-04-30,5778.88
2007-05-03,5881.02
2007-05-04,5891.6
2007-05-07,5854.31
2007-05-08,5767.6
2007-05-09,5794.7
2007-05-10,5815.08
2007-05-11,5833.87
2007-05-14,5925.09
2007-05-15,5957.87
2007-05-16,6031.08
2007-05-17,6081.43
2007-05-18,6099.39
2007-05-21,6158.66
2007-05-22,6200.04
2007-05-23,6148.42
2007-05-24,6131.84
2007-05-25,6148.8
2007-05-28,6227
2007-05-29,6258.68
2007-05-30,6173.15
2007-05-31,6222.49
2007-06-01,6270.94
2007-06-04,6259.04
2007-06-05,6280.37
2007-06-06,6183.08
2007-06-07,6183.85
2007-06-08,6165.93
2007-06-11,6140.92
2007-06-12,6100.04
2007-06-13,6077.03
2007-06-14,6202.58
2007-06-15,6240.16
2007-06-18,6229.07
2007-06-19,6297.86
2007-06-20,6376.17
2007-06-21,6431.63
2007-06-22,6435.55
2007-06-25,6436.88
2007-06-26,6492.83
2007-06-27,6479.63
2007-06-28,6503.25
2007-06-29,6602.4
2007-07-02,6628.64
2007-07-03,6676.09
2007-07-04,6669.3
2007-07-05,6620.24
2007-07-06,6626.52
2007-07-09,6689.03
2007-07-10,6664.91
2007-07-11,6703.73
2007-07-12,6809.91
2007-07-13,6863.01
2007-07-16,6926.52
2007-07-17,6895.38
2007-07-18,6881.18
2007-07-19,6946.3
2007-07-20,6935.79
2007-07-23,7001.13
2007-07-24,6950.45
2007-07-25,6868.52
2007-07-26,6889.43
2007-07-27,6674.83
2007-07-30,6692.54
2007-07-31,6835.73
2007-08-01,6554.62
2007-08-02,6597.54
2007-08-03,6696.15
2007-08-06,6612.84
2007-08-07,6660.18
2007-08-08,6781.74
2007-08-09,6650.99
2007-08-10,6571.87
2007-08-13,6637.17
2007-08-14,6640.71
2007-08-16,6379.29
2007-08-17,6255.03
2007-08-20,6350.67
2007-08-21,6110.23
2007-08-22,6158.22
2007-08-23,6117.48
2007-08-24,6227.56
2007-08-27,6422.63
2007-08-28,6474.57
2007-08-29,6511.73
2007-08-30,6547.95
2007-08-31,6693.86
2007-09-03,6807.88
2007-09-04,6829.8
2007-09-05,6830.33
2007-09-06,6877.5
2007-09-07,6879.5
2007-09-10,6909.64
2007-09-11,6928.53
2007-09-12,6953.58
2007-09-13,7021.56
2007-09-14,6959.13
2007-09-17,6994.4
2007-09-18,7085.77
2007-09-19,7223.75
2007-09-20,7296.5
2007-09-21,7340.85
2007-09-24,7427.7
2007-09-25,7421.21
2007-09-26,7471.82
2007-09-27,7453.22
2007-09-28,7612.91
2007-10-01,7718.01
2007-10-03,7738.07
2007-10-04,7734.69
2007-10-05,7660.86
2007-10-08,7397.35
2007-10-09,7600.66
2007-10-10,7678.87
2007-10-11,7794.61
2007-10-12,7684.13
2007-10-15,7885.63
2007-10-16,7910.13
2007-10-17,7713.4
2007-10-18,7536.35
2007-10-19,7304.97
2007-10-22,7390.01
2007-10-23,7740.78
2007-10-24,7821.27
2007-10-25,7888.54
2007-10-26,8086.93
2007-10-29,8230.16
2007-10-30,8203.6
2007-10-31,8264.83
2007-11-01,8159.78
2007-11-02,8234.65
2007-11-05,8290.99
2007-11-06,8240.96
2007-11-07,8214.24
2007-11-08,8145.06
2007-11-09,8194.71
2007-11-12,8109.73
2007-11-13,8268.94
2007-11-14,8530.56
2007-11-15,8715.34
2007-11-16,8819.53
2007-11-19,9072.77
2007-11-20,8880.44
2007-11-21,8471.47
2007-11-22,8325.34
2007-11-23,8460.48
2007-11-26,8607.06
2007-11-27,8687.28
2007-11-28,8594.35
2007-11-29,8564.45
2007-11-30,8869.41
2007-12-03,9106.91
2007-12-04,9219.2
2007-12-05,9394.34
2007-12-06,9396.94
2007-12-07,9403.55
2007-12-10,9483.82
2007-12-11,9622.13
2007-12-12,9808.26
2007-12-13,9836.72
2007-12-14,9918.05
2007-12-17,9508.18
2007-12-18,9519.27
2007-12-19,9496.8
2007-12-20,9436.51
2007-12-24,9643.12
2007-12-26,9862.79
2007-12-27,9879.93
2007-12-28,10062.47
2007-12-31,10208.72
2008-01-01,10423.83
2008-01-02,10644.54
2008-01-03,10632.56
2008-01-04,10693.98
2008-01-07,10714.29
2008-01-08,10450.24
2008-01-09,10356.86
2008-01-10,10014.03
2008-01-11,9957.88
2008-01-14,10039.83
2008-01-15,9957
2008-01-16,9794.71
2008-01-17,9801.48
2008-01-18,9285.71
2008-01-21,8182.26
2008-01-22,7602.07
2008-01-23,8173.45
2008-01-24,7910.56
2008-01-25,8426.47
2008-01-28,8475.35
2008-01-29,8444.56
2008-01-30,8240.7
2008-01-31,8109.81
2008-02-01,8108.15
2008-02-04,8380.53
2008-02-05,8445.11
2008-02-06,8305.41
2008-02-07,8082.97
2008-02-08,7944.94
2008-02-11,7504.05
2008-02-12,7372.96
2008-02-13,7432.85
2008-02-14,7827.69
2008-02-15,8010.69
2008-02-18,8015.29
2008-02-19,8061.36
2008-02-20,7940.53
2008-02-21,7973.22
2008-02-22,7875.81
2008-02-25,7866.93
2008-02-26,7982.71
2008-02-27,8032.28
2008-02-28,8016.63
2008-02-29,8045.44
2008-03-03,7744.81
2008-03-04,7579.38
2008-03-05,7487.81
2008-03-07,7219.57
2008-03-10,7253.72
2008-03-11,7550.49
2008-03-12,7438.39
2008-03-13,7012.91
2008-03-14,7101.87
2008-03-17,6561.74
2008-03-18,6510.15
2008-03-19,6495.53
2008-03-24,6399.56
2008-03-25,6793.44
2008-03-26,6843.76
2008-03-27,6817.88
2008-03-28,7058.37
2008-03-31,6933.16
2008-04-01,6896.34
2008-04-02,6922.67
2008-04-03,6928.99
2008-04-04,6790.19
2008-04-07,6892.37
2008-04-08,6948.99
2008-04-09,7035.06
2008-04-10,7044.97
2008-04-11,7096.73
2008-04-15,7206.04
2008-04-16,7290.85
2008-04-17,7437.7
2008-04-21,7601.04
2008-04-22,7633.39
2008-04-23,7634.22
2008-04-24,7572.74
2008-04-25,7615.55
2008-04-28,7658.69
2008-04-29,7795.61
2008-04-30,7789.12
2008-05-02,7883.81
2008-05-05,7945.08
2008-05-06,7833.9
2008-05-07,7814.44
2008-05-08,7742.9
2008-05-09,7546.3
2008-05-12,7496.45
2008-05-13,7497.84
2008-05-14,7563.99
2008-05-15,7672.75
2008-05-16,7735.72
2008-05-20,7681.04
2008-05-21,7740.23
2008-05-22,7613.61
2008-05-23,7511.03
2008-05-26,7327.75
2008-05-27,7260.18
2008-05-28,7322.01
2008-05-29,7308.95
2008-05-30,7310.3
2008-06-02,7162.87
2008-06-03,7116.75
2008-06-04,6906.56
2008-06-05,6922.93
2008-06-06,6898.7
2008-06-09,6708.44
2008-06-10,6653.18
2008-06-11,6751.7
2008-06-12,6805.9
2008-06-13,6792.09
2008-06-16,6858.88
2008-06-17,7001.73
2008-06-18,6933.66
2008-06-19,6803.64
2008-06-20,6574.38
2008-06-23,6314.6
2008-06-24,6210.18
2008-06-25,6262.03
2008-06-26,6223.41
2008-06-27,6048.55
2008-06-30,5847.74
2008-07-01,5573.26
2008-07-02,5766.87
2008-07-03,5604.29
2008-07-04,5748.98
2008-07-07,5796.96
2008-07-08,5787.69
2008-07-09,5982.99
2008-07-10,5990.29
2008-07-11,5854.2
2008-07-14,5835.48
2008-07-15,5623.17
2008-07-16,5545.54
2008-07-17,5653.61
2008-07-18,5772.98
2008-07-21,5799.78
2008-07-22,5916.96
2008-07-23,6278.71
2008-07-24,6262.17
2008-07-25,6239.7
2008-07-28,6286.12
2008-07-29,6103.6
2008-07-30,6240.42
2008-07-31,6210.48
2008-08-01,6328.26
2008-08-04,6472.79
2008-08-05,6579.37
2008-08-06,6581.62
2008-08-07,6593.41
2008-08-08,6627.87
2008-08-11,6727.12
2008-08-12,6663.63
2008-08-13,6642.63
2008-08-14,6518.35
2008-08-18,6431.72
2008-08-19,6413.19
2008-08-20,6472.48
2008-08-21,6333.63
2008-08-22,6344.31
2008-08-25,6367.06
2008-08-26,6367.62
2008-08-27,6327.91
2008-08-28,6230.8
2008-08-29,6402.11
2008-09-01,6423.68
2008-09-02,6555.31
2008-09-04,6550.3
2008-09-05,6442.96
2008-09-08,6500.16
2008-09-09,6469.02
2008-09-10,6418.31
2008-09-11,6339.63
2008-09-12,6238.5
2008-09-15,5973.46
2008-09-16,5920.83
2008-09-17,5860.29
2008-09-18,5790.97
2008-09-19,5960.59
2008-09-22,5936.55
2008-09-23,5850.47
2008-09-24,5868.02
2008-09-25,5813.88
2008-09-26,5642.96
2008-09-29,5423.65
2008-09-30,5504.8
2008-10-01,5548.98
2008-10-03,5397.48
2008-10-06,5082.43
2008-10-07,4989.68
2008-10-08,4730.91
2008-10-10,4399.39
2008-10-13,4653.13
2008-10-14,4721.51
2008-10-15,4506.11
2008-10-16,4498.96
2008-10-17,4364.66
2008-10-20,4349.02
2008-10-21,4478.98
2008-10-22,4321.66
2008-10-23,4179.43
2008-10-24,3840.75
2008-10-27,3670.81
2008-10-28,3856.47
2008-10-29,3814.67
2008-10-31,3951.47
2008-11-03,4132.85
2008-11-04,4260.08
2008-11-05,4221.8
2008-11-06,4122.08
2008-11-07,4191.9
2008-11-10,4351
2008-11-11,4194.11
2008-11-12,4126.6
2008-11-14,4044.16
2008-11-17,3937.71
2008-11-18,3861.52
2008-11-19,3810.24
2008-11-20,3688.68
2008-11-21,3717.25
2008-11-24,3703.9
2008-11-25,3687.28
2008-11-26,3708.91
2008-11-28,3730.16
2008-12-01,3674.6
2008-12-02,3638.81
2008-12-03,3671.72
2008-12-04,3839.65
2008-12-05,3781.67
2008-12-08,3750.67
2008-12-10,3835.93
2008-12-11,3910.66
2008-12-12,3948.02
2008-12-15,4088.66
2008-12-16,4161.54
2008-12-17,4057.33
2008-12-18,4140.46
2008-12-19,4248.85
2008-12-22,4225.52
2008-12-23,4124.67
2008-12-24,4096.76
2008-12-26,4046.98
2008-12-29,4087.95
2008-12-30,4177.93
2008-12-31,4212.21
2009-01-01,4301.23
2009-01-02,4390.71
2009-01-05,4450.58
2009-01-06,4422.22
2009-01-07,4112.53
2009-01-09,3990.64
2009-01-12,3935.45
2009-01-13,3892.2
2009-01-14,3976.04
2009-01-15,3916.5
2009-01-16,3953.68
2009-01-19,3986.21
2009-01-20,3937.33
2009-01-21,3885.91
2009-01-22,3806.47
2009-01-23,3748.53
2009-01-27,3747.01
2009-01-28,3778.93
2009-01-29,3757.71
2009-01-30,3787.83
2009-02-02,3734.58
2009-02-03,3711.68
2009-02-04,3702.38
2009-02-05,3689.36
2009-02-06,3770.19
2009-02-09,3829.23
2009-02-10,3892.46
2009-02-11,3883.48
2009-02-12,3890.88
2009-02-13,3954.95
2009-02-16,3834.59
2009-02-17,3739.75
2009-02-18,3709.21
2009-02-19,3709.61
2009-02-20,3653.61
2009-02-24,3585.07
2009-02-25,3603.31
2009-02-26,3576.38
2009-02-27,3585.52
2009-03-02,3514.45
2009-03-03,3449.76
2009-03-04,3444.68
2009-03-05,3380.77
2009-03-06,3367.26
2009-03-09,3317.97
2009-03-12,3351.03
2009-03-13,3448.09
2009-03-16,3554.69
2009-03-17,3574.3
2009-03-18,3691.81
2009-03-19,3709.71
2009-03-20,3616.16
2009-03-23,3724.8
2009-03-24,3706.1
2009-03-25,3721.24
2009-03-26,3743.27
2009-03-27,3824.68
2009-03-30,3792.62
2009-03-31,3850.83
2009-04-01,3878.35
2009-04-02,4008.2
2009-04-06,4053.53
2009-04-08,4137.69
2009-04-09,4168.39
2009-04-13,4293.78
2009-04-15,4475.42
2009-04-16,4313.96
2009-04-17,4368.51
2009-04-20,4441.98
2009-04-21,4395.44
2009-04-22,4348.06
2009-04-23,4404.04
2009-04-24,4478.17
2009-04-27,4459.53
2009-04-28,4302.8
2009-04-29,4367.48
2009-05-04,4542.9
2009-05-05,4583.51
2009-05-06,4512.98
2009-05-07,4604.22
2009-05-08,4589.45
2009-05-11,4531.29
2009-05-12,4571.17
2009-05-13,4578.49
2009-05-14,4607.74
2009-05-15,4687
2009-05-18,5255.99
2009-05-19,5373.94
2009-05-20,5683.9
2009-05-21,5713.96
2009-05-22,5757.45
2009-05-25,5905.75
2009-05-26,5712.54
2009-05-27,5893.75
2009-05-28,5911.64
2009-05-29,6063.12
2009-06-01,6213.52
2009-06-02,6238.38
2009-06-03,6331.36
2009-06-04,6460.07
2009-06-05,6437.41
2009-06-08,6131.79
2009-06-09,6312.36
2009-06-10,6429.29
2009-06-11,6408.02
2009-06-12,6296.85
2009-06-15,6212.54
2009-06-16,6286.65
2009-06-17,6064.72
2009-06-18,5922.34
2009-06-19,6032.24
2009-06-22,6004.68
2009-06-23,6024.91
2009-06-24,6161.69
2009-06-25,6129.64
2009-06-26,6263.34
2009-06-29,6332.3
2009-06-30,6168.3
2009-07-01,6222.06
2009-07-02,6248.26
2009-07-03,6297.01
2009-07-06,5994.58
2009-07-07,6053.94
2009-07-08,5921.4
2009-07-09,5982.58
2009-07-10,5866.16
2009-07-13,5700.87
2009-07-14,5910.27
2009-07-15,6104.98
2009-07-16,6101.8
2009-07-17,6241.99
2009-07-20,6416.21
2009-07-21,6424.2
2009-07-22,6380.6
2009-07-23,6475.73
2009-07-24,6583.55
2009-07-27,6662.38
2009-07-28,6732.72
2009-07-29,6680.35
2009-07-30,6708.91
2009-07-31,6793.06
2009-08-03,6909.35
2009-08-04,6881.89
2009-08-05,6900.79
2009-08-06,6751.27
2009-08-07,6626.19
2009-08-10,6516.24
2009-08-11,6563.11
2009-08-12,6546.39
2009-08-13,6772.9
2009-08-14,6787.75
2009-08-17,6525.99
2009-08-18,6636.87
2009-08-19,6535.41
2009-08-20,6587.8
2009-08-21,6673.69
2009-08-24,6826.34
2009-08-25,6857.66
2009-08-26,6908.12
2009-08-27,6929.21
2009-08-28,6986.75
2009-08-31,6992.58
2009-09-01,6916.66
2009-09-02,6889.57
2009-09-03,6918.97
2009-09-04,6993.1
2009-09-07,7110.05
2009-09-08,7104.53
2009-09-09,7107.46
2009-09-10,7110.57
2009-09-11,7123.97
2009-09-14,7145.24
2009-09-15,7311.5
2009-09-16,7416.4
2009-09-17,7470.15
2009-09-18,7513.41
2009-09-22,7560.77
2009-09-23,7487.38
2009-09-24,7538
2009-09-25,7561.79
2009-09-29,7608.74
2009-09-30,7684.71
2009-10-01,7667.33
2009-10-05,7552.24
2009-10-06,7570.97
2009-10-07,7698.96
2009-10-08,7752.86
2009-10-09,7725.93
2009-10-12,7847.16
2009-10-14,8010.48
2009-10-15,8051.72
2009-10-16,8161.21
2009-10-17,8206.47
2009-10-20,8209.75
2009-10-21,8055.1
2009-10-22,7915.31
2009-10-23,8000.13
2009-10-26,7872.2
2009-10-27,7582.94
2009-10-28,7626.61
2009-10-29,7531.15
2009-10-30,7534.75
2009-11-03,7311.55
2009-11-04,7512.46
2009-11-05,7662.75
2009-11-06,7829.02
2009-11-09,7989.4
2009-11-10,8014.86
2009-11-11,8187.22
2009-11-12,8073.79
2009-11-13,8129.49
2009-11-16,8219.54
2009-11-17,8207.16
2009-11-18,8234.52
2009-11-19,8112.46
2009-11-20,8203.54
2009-11-23,8239.57
2009-11-24,8282.2
2009-11-25,8283.02
2009-11-26,8182.48
2009-11-27,8060.21
2009-11-30,8188.68
2009-12-01,8326.03
2009-12-02,8369.68
2009-12-03,8419.4
2009-12-04,8420.74
2009-12-07,8354.65
2009-12-08,8459.63
2009-12-09,8402.81
2009-12-10,8435.77
2009-12-11,8382.81
2009-12-14,8327.75
2009-12-15,8198.84
2009-12-16,8222.86
2009-12-17,8293.57
2009-12-18,8226.87
2009-12-21,8201.69
2009-12-22,8278.58
2009-12-23,8412.04
2009-12-24,8470.76
2009-12-29,8494.91
2009-12-30,8500.22
2009-12-31,8516.52
2010-01-04,8626.2
2010-01-05,8748.65
2010-01-06,8771.32
2010-01-07,8738.69
2010-01-08,8721.78
2010-01-11,8803.9
2010-01-12,8748.12
2010-01-13,8808.51
2010-01-14,8899.38
2010-01-15,8934.02
2010-01-18,8969.76
2010-01-19,8905.3
2010-01-20,8859.29
2010-01-21,8637.19
2010-01-22,8565.69
2010-01-25,8449.06
2010-01-27,8129
2010-01-28,8179.97
2010-01-29,8252.92
2010-02-01,8412.34
2010-02-02,8303.73
2010-02-03,8451.43
2010-02-04,8295.06
2010-02-05,8090.06
2010-02-06,8198.48
2010-02-08,8219.83
2010-02-09,8292.36
2010-02-10,8281.56
2010-02-11,8342.83
2010-02-15,8308.9
2010-02-16,8351.92
2010-02-17,8431.17
2010-02-18,8375.51
2010-02-19,8267.51
2010-02-22,8208.11
2010-02-23,8168.12
2010-02-24,8127.17
2010-02-25,8080.15
2010-02-26,8215.92
2010-03-02,8418.97
2010-03-03,8572.88
2010-03-04,8641.89
2010-03-05,8694.96
2010-03-08,8723.74
2010-03-09,8670.78
2010-03-10,8635.81
2010-03-11,8611.11
2010-03-12,8601.6
2010-03-15,8564.82
2010-03-16,8619.57
2010-03-17,8678.15
2010-03-18,8705.14
2010-03-19,8714.84
2010-03-22,8646.69
2010-03-23,8699.61
2010-03-25,8709.29
2010-03-26,8779.24
2010-03-29,8791.27
2010-03-30,8794.08
2010-03-31,8834.32
2010-04-01,8913.65
2010-04-05,9036.93
2010-04-06,9085.1
2010-04-07,9125.31
2010-04-08,9075.6
2010-04-09,9152.49
2010-04-12,9139.41
2010-04-13,9110.32
2010-04-15,9086.48
2010-04-16,9050.44
2010-04-19,8972.76
2010-04-20,9084.04
2010-04-21,9149.7
2010-04-22,9144.15
2010-04-23,9156.37
2010-04-26,9190.32
2010-04-27,9175.15
2010-04-28,9061.16
2010-04-29,9112.25
2010-04-30,9246.93
2010-05-03,9232.99
2010-05-04,9112.72
2010-05-05,9160.29
2010-05-06,9126.3
2010-05-07,8914.01
2010-05-10,9099.88
2010-05-11,8971.41
2010-05-12,9003.97
2010-05-13,9142.27
2010-05-14,9080.63
2010-05-17,9069.62
2010-05-18,9085.47
2010-05-19,8820.15
2010-05-20,8827.82
2010-05-21,8701.77
2010-05-24,8709.56
2010-05-25,8480.89
2010-05-26,8580.13
2010-05-27,8666.36
2010-05-28,8828.65
2010-05-31,8903.52
2010-06-01,8791.97
2010-06-02,8868.62
2010-06-03,9014.48
2010-06-04,9062.15
2010-06-07,8942.13
2010-06-08,8892.68
2010-06-09,8940.03
2010-06-10,9053.45
2010-06-11,9066.73
2010-06-14,9140.03
2010-06-15,9156.54
2010-06-16,9189.85
2010-06-17,9228.09
2010-06-18,9187.42
2010-06-21,9289.95
2010-06-22,9250.67
2010-06-23,9323.65
2010-06-24,9329.11
2010-06-25,9274.62
2010-06-28,9385.96
2010-06-29,9317.68
2010-06-30,9360.72
2010-07-01,9336.01
2010-07-02,9321.7
2010-07-05,9337.7
2010-07-06,9396.17
2010-07-07,9395.14
2010-07-08,9485.52
2010-07-09,9567.02
2010-07-12,9584.94
2010-07-13,9650.95
2010-07-14,9620.49
2010-07-15,9625.57
2010-07-16,9683.08
2010-07-19,9716.11
2010-07-20,9675.95
2010-07-21,9724.99
2010-07-22,9755.62
2010-07-23,9723.62
2010-07-26,9643.89
2010-07-27,9659.65
2010-07-28,9673.49
2010-07-29,9675.92
2010-07-30,9716.55
2010-08-02,9813.46
2010-08-03,9852.06
2010-08-04,9838.73
2010-08-05,9855.54
2010-08-06,9872.47
2010-08-09,9997.91
2010-08-10,9949.67
2010-08-11,9907.17
2010-08-12,9946.75
2010-08-13,10062.72
2010-08-16,10069.16
2010-08-17,10116.43
2010-08-18,10207.13
2010-08-19,10307.85
2010-08-20,10321.83
2010-08-23,10404.52
2010-08-24,10334.98
2010-08-25,10210.56
2010-08-26,10206.06
2010-08-27,10123.44
2010-08-30,10099.91
2010-08-31,10033.38
2010-09-01,10152.85
2010-09-02,10242.87
2010-09-03,10319.95
2010-09-06,10432.66
2010-09-07,10425.97
2010-09-08,10443.77
2010-09-09,10508.14
2010-09-13,10621.88
2010-09-14,10571.81
2010-09-15,10565.79
2010-09-16,10444.48
2010-09-17,10598.05
2010-09-20,10684.08
2010-09-21,10598.05
2010-09-22,10576.59
2010-09-23,10576.55
2010-09-24,10678.06
2010-09-27,10710.49
2010-09-28,10724.84
2010-09-29,10651.26
2010-09-30,10602.48
2010-10-01,10786.73
2010-10-04,10853.91
2010-10-05,10892.79
2010-10-06,11021.98
2010-10-07,10956.06
2010-10-08,10879.67
2010-10-11,10953.25
2010-10-12,10873.34
2010-10-13,10993.57
2010-10-14,10975.92
2010-10-15,10813.43
2010-10-18,10779.13
2010-10-19,10776.14
2010-10-20,10769.8
2010-10-21,10917.25
2010-10-22,10934.54
2010-10-25,10992.81
2010-10-26,10991.17
2010-10-27,10944.17
2010-10-28,10863.28
2010-10-29,10832.53
2010-11-01,10990.62
2010-11-02,11065.56
2010-11-03,11112.88
2010-11-04,11196.71
2010-11-05,11251.02
2010-11-08,11226.75
2010-11-09,11289.85
2010-11-10,11324.55
2010-11-11,11184.47
2010-11-12,10948.86
2010-11-15,10992.87
2010-11-16,10809.15
2010-11-18,10821.44
2010-11-19,10640.73
2010-11-22,10761.94
2010-11-23,10663.93
2010-11-24,10516.77
2010-11-25,10259.09
2010-11-26,10059.38
2010-11-29,10164.64
2010-11-30,10311.56
2010-12-01,10567.58
2010-12-02,10623.06
2010-12-03,10431.65
2010-12-06,10371.53
2010-12-07,10233.59
2010-12-08,10057.19
2010-12-09,9695.81
2010-12-10,9853.21
2010-12-13,9995.84
2010-12-14,10122.02
2010-12-15,9992.52
2010-12-16,10031.77
2010-12-20,9993
2010-12-21,10075.35
2010-12-22,10085.74
2010-12-23,10055.91
2010-12-24,10070.73
2010-12-27,10031.91
2010-12-28,10011.34
2010-12-29,10077.63
2010-12-30,10132.58
2010-12-31,10254.53
2011-01-03,10326.09
2011-01-04,10304.31
2011-01-05,10177.21
2011-01-06,10057.17
2011-01-07,9826.66
2011-01-10,9593.27
2011-01-11,9563.19
2011-01-12,9699.08
2011-01-13,9638.46
2011-01-14,9506.73
2011-01-17,9420.36
2011-01-18,9444.36
2011-01-19,9462.08
2011-01-20,9496.31
2011-01-21,9512.33
2011-01-24,9591.33
2011-01-25,9543.32
2011-01-27,9340.29
2011-01-28,9124.49
2011-01-31,9172.92
2011-02-01,9003.52
2011-02-02,8981.65
2011-02-03,9087.16
2011-02-04,8977.26
2011-02-07,8908.5
2011-02-08,8692.05
2011-02-09,8437.65
2011-02-10,8484.29
2011-02-11,8671.35
2011-02-14,8941.18
2011-02-15,8969.31
2011-02-16,8975.89
2011-02-17,9074.28
2011-02-18,8921.01
2011-02-21,8985.09
2011-02-22,8878.87
2011-02-23,8819.42
2011-02-24,8520.94
2011-02-25,8521.77
2011-02-28,8539.48
2011-03-01,8816.95
2011-03-03,8846.51
2011-03-04,8868.66
2011-03-07,8750.58
2011-03-08,8842.98
2011-03-09,8895.1
2011-03-10,8876.92
2011-03-11,8815.66
2011-03-14,8871.54
2011-03-15,8732.55
2011-03-16,8855.2
2011-03-17,8856.61
2011-03-18,8800.23
2011-03-21,8789.41
2011-03-22,8861.39
2011-03-23,8926.54
2011-03-24,8979.97
2011-03-25,9069.15
2011-03-28,9118.32
2011-03-29,9159.39
2011-03-30,9311.11
2011-03-31,9321.95
2011-04-01,9425.12
2011-04-04,9538.23
2011-04-05,9630.17
2011-04-06,9671.96
2011-04-07,9761.24
2011-04-08,9609.67
2011-04-11,9542.03
2011-04-13,9680.1
2011-04-15,9643.95
2011-04-18,9504.17
2011-04-19,9512.8
2011-04-20,9628.9
2011-04-21,9639.38
2011-04-25,9655.15
2011-04-26,9659.87
2011-04-27,9668.71
2011-04-28,9597.82
2011-04-29,9508.68
2011-05-02,9415.24
2011-05-03,9223.84
2011-05-04,9168.7
2011-05-05,9083.67
2011-05-06,9236.9
2011-05-09,9223.79
2011-05-10,9228.98
2011-05-11,9297.63
2011-05-12,9212.13
2011-05-13,9321.04
2011-05-16,9254.69
2011-05-17,9183.97
2011-05-18,9119.92
2011-05-19,9086.69
2011-05-20,9133.4
2011-05-23,9018.55
2011-05-24,9029.74
2011-05-25,9002.11
2011-05-26,8991.26
2011-05-27,9135.95
2011-05-30,9219.45
2011-05-31,9357.4
2011-06-01,9401.53
2011-06-02,9308.22
2011-06-03,9274.5
2011-06-06,9272.96
2011-06-07,9332.86
2011-06-08,9327.98
2011-06-09,9302.63
2011-06-10,9273.46
2011-06-13,9327.47
2011-06-14,9378.53
2011-06-15,9323.87
2011-06-16,9272.77
2011-06-17,9215.23
2011-06-20,8995.62
2011-06-21,8955.9
2011-06-22,8878.69
2011-06-23,8891.61
2011-06-24,9073.49
2011-06-27,9194.07
2011-06-28,9219.76
2011-06-29,9274.59
2011-06-30,9280.13
2011-07-01,9343.69
2011-07-04,9427.34
2011-07-05,9400.43
2011-07-06,9414.49
2011-07-07,9528.38
2011-07-08,9458.76
2011-07-11,9437.51
2011-07-12,9329.05
2011-07-13,9443.68
2011-07-14,9522.98
2011-07-15,9530.91
2011-07-18,9558.53
2011-07-19,9578.59
2011-07-20,9458.1
2011-07-21,9391.72
2011-07-22,9516.48
2011-07-25,9592.65
2011-07-26,9481.8
2011-07-27,9476.99
2011-07-28,9402.21
2011-07-29,9368.76
2011-08-01,9357.09
2011-08-02,9239.09
2011-08-03,9214.28
2011-08-04,9152.32
2011-08-05,8990.24
2011-08-08,8876.55
2011-08-09,8778.63
2011-08-10,8939.38
2011-08-11,8913.8
2011-08-12,8864.76
2011-08-16,8707.81
2011-08-17,8632.08
2011-08-18,8428.04
2011-08-19,8339.58
2011-08-22,8465.84
2011-08-23,8566.07
2011-08-24,8498.03
2011-08-25,8414.88
2011-08-26,8241.07
2011-08-29,8426.84
2011-08-30,8537.69
2011-09-02,8588.87
2011-09-05,8637.3
2011-09-06,8661.57
2011-09-07,8790.43
2011-09-08,8802.85
2011-09-09,8686.52
2011-09-12,8479.33
2011-09-13,8485.1
2011-09-14,8512.22
2011-09-15,8606.01
2011-09-16,8613.1
2011-09-19,8595.97
2011-09-20,8665.92
2011-09-21,8757.12
2011-09-22,8481.11
2011-09-23,8425.63
2011-09-26,8293.11
2011-09-27,8407.99
2011-09-28,8336.76
2011-09-29,8348.19
2011-09-30,8318.97
2011-10-03,8163.2
2011-10-04,8064.23
2011-10-05,8001.72
2011-10-07,8084.58
2011-10-10,8193.37
2011-10-11,8206.11
2011-10-12,8338.99
2011-10-13,8333.47
2011-10-14,8368.12
2011-10-17,8372.36
2011-10-18,8264.62
2011-10-19,8375.9
2011-10-20,8282.81
2011-10-21,8218.42
2011-10-24,8188.09
2011-10-25,8221.75
2011-10-26,8296.22
2011-10-28,8491.08
2011-10-31,8523.16
2011-11-01,8450.98
2011-11-02,8470.29
2011-11-03,8505.22
2011-11-04,8588.88
2011-11-08,8593.56
2011-11-09,8470.2
2011-11-11,8360.92
2011-11-14,8267.47
2011-11-15,8054.27
2011-11-16,7978.35
2011-11-17,7852.54
2011-11-18,7791.99
2011-11-21,7676.37
2011-11-22,7719.77
2011-11-23,7589.74
2011-11-24,7729.79
2011-11-25,7742.96
2011-11-28,7879.37
2011-11-29,7809.77
2011-11-30,7793.82
2011-12-01,7871.32
2011-12-02,8003.07
2011-12-05,8002.29
2011-12-07,8021.19
2011-12-08,7855.52
2011-12-09,7809.31
2011-12-12,7645.92
2011-12-13,7618.95
2011-12-14,7566.49
2011-12-15,7509.46
2011-12-16,7376.33
2011-12-19,7240.39
2011-12-20,7086.45
2011-12-21,7183.69
2011-12-22,7287.99
2011-12-23,7263.22
2011-12-26,7319.14
2011-12-27,7264.34
2011-12-28,7193.2
2011-12-29,7135.32
2011-12-30,7174.58
2012-01-02,7155.36
2012-01-03,7350
2012-01-04,7352.41
2012-01-05,7354.82
2012-01-06,7333.13
2012-01-07,7368.27
2012-01-09,7416.16
2012-01-10,7594.09
2012-01-11,7687.55
2012-01-12,7739.16
2012-01-13,7812.49
2012-01-16,7804.83
2012-01-17,7896.71
2012-01-18,7805.35
2012-01-19,7921.11
2012-01-20,7988.1
2012-01-23,8024.56
2012-01-24,8165.29
2012-01-25,8280.41
2012-01-27,8325.93
2012-01-30,8150.18
2012-01-31,8339.38
2012-02-01,8443.04
2012-02-02,8487.36
2012-02-03,8602.8
2012-02-06,8731.75
2012-02-07,8639.45
2012-02-08,8738.08
2012-02-09,8855.04
2012-02-10,8859.33
2012-02-13,8876.44
2012-02-14,8958.1
2012-02-15,9170.28
2012-02-16,9258.92
2012-02-17,9317.41
2012-02-21,9384.51
2012-02-22,9028.47
2012-02-23,8992.41
2012-02-24,8924.36
2012-02-27,8646.21
2012-02-28,8951.41
2012-02-29,9062.31
2012-03-01,9013.16
2012-03-02,8998.04
2012-03-03,9003.35
2012-03-05,8855.21
2012-03-06,8782.88
2012-03-07,8786.38
2012-03-09,9045.98
2012-03-12,9128.61
2012-03-13,9213.11
2012-03-14,9277.54
2012-03-15,9090.48
2012-03-16,8986.4
2012-03-19,8892.9
2012-03-20,8984.72
2012-03-21,9169.82
2012-03-22,8954.76
2012-03-23,9025.94
2012-03-26,8884.34
2012-03-27,8920.85
2012-03-28,8822.98
2012-03-29,8845.75
2012-03-30,9075.07
2012-04-02,9140.67
2012-04-03,9208.66
2012-04-04,9192.93
2012-04-09,9030.18
2012-04-10,8994.81
2012-04-11,8939.18
2012-04-12,9007.38
2012-04-13,8922.16
2012-04-16,8951.37
2012-04-17,9030.98
2012-04-18,9063.96
2012-04-19,9061.14
2012-04-20,8977.27
2012-04-23,8839.22
2012-04-24,8816.81
2012-04-25,8746.37
2012-04-26,8698.15
2012-04-27,8673.79
2012-04-28,8729.48
2012-04-30,8794.38
2012-05-02,8762.7
2012-05-03,8661.98
2012-05-04,8493.93
2012-05-07,8522.97
2012-05-08,8397.01
2012-05-09,8306.03
2012-05-10,8315.56
2012-05-11,8224.26
2012-05-14,8150.46
2012-05-15,8196.99
2012-05-16,8126.23
2012-05-17,8107.98
2012-05-18,8085.52
2012-05-21,8127.81
2012-05-22,8073.82
2012-05-23,8032.01
2012-05-24,8096.41
2012-05-25,8147.77
2012-05-28,8283.11
2012-05-29,8244.33
2012-05-30,8111.35
2012-05-31,8129.04
2012-06-01,7995.87
2012-06-04,7980.02
2012-06-05,8017.78
2012-06-06,8188.04
2012-06-07,8257.75
2012-06-08,8291.86
2012-06-11,8266.64
2012-06-12,8342.96
2012-06-13,8342.42
2012-06-14,8227.4
2012-06-15,8295.43
2012-06-18,8190.24
2012-06-19,8221.91
2012-06-20,8312.48
2012-06-21,8418.58
2012-06-22,8425.43
2012-06-25,8410.67
2012-06-26,8460.21
2012-06-27,8502.77
2012-06-28,8506.37
2012-06-29,8689.31
2012-07-02,8773.7
2012-07-03,8825.04
2012-07-04,8869.74
2012-07-05,8943.69
2012-07-06,8884.94
2012-07-09,8758.1
2012-07-10,8869.27
2012-07-11,8844.07
2012-07-12,8823.49
2012-07-13,8800.49
2012-07-16,8752.31
2012-07-17,8687.83
2012-07-18,8714.13
2012-07-19,8744.06
2012-07-20,8715.51
2012-07-23,8569.64
2012-07-24,8612.96
2012-07-25,8551.25
2012-07-26,8384.22
2012-07-27,8335.63
2012-07-30,8475.4
2012-07-31,8509.19
2012-08-01,8584.76
2012-08-02,8615.89
2012-08-03,8602.86
2012-08-06,8654.31
2012-08-07,8665.96
2012-08-08,8641.24
2012-08-09,8614.62
2012-08-10,8605.63
2012-08-13,8665.07
2012-08-14,8681.52
2012-08-16,8661.98
2012-08-17,8649.5
2012-08-21,8673.74
2012-08-22,8628.98
2012-08-23,8620.93
2012-08-24,8571.7
2012-08-27,8505.9
2012-08-28,8423.59
2012-08-29,8374.85
2012-08-30,8414.55
2012-08-31,8412.52
2012-09-03,8422.32
2012-09-04,8498.21
2012-09-05,8452.45
2012-09-06,8488.03
2012-09-07,8579.78
2012-09-08,8622.69
2012-09-10,8640.98
2012-09-11,8669.26
2012-09-12,8690.66
2012-09-13,8660.84
2012-09-14,8743.03
2012-09-17,8892.05
2012-09-18,9009.27
2012-09-20,8946.33
2012-09-21,9114.14
2012-09-24,9130.58
2012-09-25,9160.14
2012-09-26,9193.68
2012-09-27,9226.57
2012-09-28,9340.74
2012-10-01,9431.62
2012-10-03,9501.31
2012-10-04,9541.31
2012-10-05,9454.05
2012-10-08,9396.52
2012-10-09,9455.55
2012-10-10,9311.46
2012-10-11,9432.16
2012-10-12,9438.88
2012-10-15,9457.25
2012-10-16,9364.78
2012-10-17,9367.47
2012-10-18,9467.34
2012-10-19,9417.88
2012-10-22,9424.32
2012-10-23,9383.16
2012-10-25,9393.13
2012-10-26,9283.77
2012-10-29,9255.25
2012-10-30,9154.92
2012-10-31,9251.05
2012-11-01,9337.84
2012-11-02,9390.28
2012-11-05,9347.07
2012-11-06,9381.98
2012-11-07,9475.27
2012-11-08,9498.96
2012-11-09,9407.99
2012-11-12,9430.79
2012-11-13,9492.89
2012-11-15,9467.87
2012-11-16,9367.28
2012-11-19,9271.52
2012-11-20,9198.93
2012-11-21,9250.59
2012-11-22,9288.64
2012-11-23,9290.79
2012-11-26,9369.79
2012-11-27,9482.22
2012-11-29,9592.43
2012-11-30,9711.41
2012-12-03,9817.38
2012-12-04,9891.73
2012-12-05,9908.64
2012-12-06,9995.78
2012-12-07,9993.55
2012-12-10,10065
2012-12-11,9974.32
2012-12-12,9986.95
2012-12-13,9894.23
2012-12-14,9976.17
2012-12-17,10001.18
2012-12-18,10053.7
2012-12-19,10118.14
2012-12-20,10107.24
2012-12-21,9943.54
2012-12-24,9972.4
2012-12-26,10049.07
2012-12-27,10016.62
2012-12-28,10103.68
2012-12-31,10147.36
2013-01-01,10263.58
2013-01-02,10300.65
2013-01-03,10374.67
2013-01-04,10435.91
2013-01-07,10461.1
2013-01-08,10488.57
2013-01-09,10430.1
2013-01-10,10379.39
2013-01-11,10193.8
2013-01-14,10337.64
2013-01-15,10361.13
2013-01-16,10221.28
2013-01-17,10255.35
2013-01-18,10253.59
2013-01-21,10265.25
2013-01-22,10150.25
2013-01-23,10063.22
2013-01-24,9795.72
2013-01-25,9996.89
2013-01-28,10002.72
2013-01-29,9937.22
2013-01-30,9913.67
2013-01-31,9985.11
2013-02-01,9980.02
2013-02-04,9896.27
2013-02-05,9827.67
2013-02-06,9837.67
2013-02-07,9758.57
2013-02-08,9684.1
2013-02-11,9665.2
2013-02-12,9628.98
2013-02-13,9550.29
2013-02-14,9428.76
2013-02-15,9464.73
2013-02-18,9520.67
2013-02-19,9637.3
2013-02-20,9646.91
2013-02-21,9465.86
2013-02-22,9461.09
2013-02-25,9390.66
2013-02-26,9218.96
2013-02-27,9291.81
2013-02-28,9006.24
2013-03-01,9104.25
2013-03-04,8968.18
2013-03-05,9118.74
2013-03-06,9216.79
2013-03-07,9276.14
2013-03-08,9372.89
2013-03-11,9383.37
2013-03-12,9326.26
2013-03-13,9230.85
2013-03-14,9303.75
2013-03-15,9227.98
2013-03-18,9198.75
2013-03-19,9059.93
2013-03-20,8871.77
2013-03-21,8767.8
2013-03-22,8744.81
2013-03-25,8729.2
2013-03-26,8714.16
2013-03-28,8846.26
2013-04-01,8948.16
2013-04-02,9088.67
2013-04-03,9019.31
2013-04-04,8847.61
2013-04-05,8872.16
2013-04-08,8880.36
2013-04-09,8809.92
2013-04-10,8886.59
2013-04-11,8875.51
2013-04-12,8869.52
2013-04-15,8871.78
2013-04-16,8994.96
2013-04-17,9015.26
2013-04-18,9114.03
2013-04-22,9282.25
2013-04-23,9246.09
2013-04-25,9297.98
2013-04-26,9222.86
2013-04-29,9336.73
2013-04-30,9346.95
2013-05-02,9459.87
2013-05-03,9441.17
2013-05-06,9527.02
2013-05-07,9612.71
2013-05-08,9616.19
2013-05-09,9547.83
2013-05-10,9578.46
2013-05-11,9604.17
2013-05-13,9429.63
2013-05-14,9478.73
2013-05-15,9679.21
2013-05-16,9737
2013-05-17,9790.86
2013-05-20,9723.79
2013-05-21,9636.9
2013-05-22,9528.2
2013-05-23,9331.11
2013-05-24,9352.81
2013-05-27,9465.97
2013-05-28,9519
2013-05-29,9461.49
2013-05-30,9450.9
2013-05-31,9354.93
2013-06-03,9346.95
2013-06-04,9386.79
2013-06-05,9416
2013-06-06,9411.95
2013-06-07,9339.97
2013-06-10,9216.72
2013-06-11,9046.52
2013-06-12,9014.48
2013-06-13,8845.57
2013-06-14,8971.3
2013-06-17,9029.97
2013-06-18,9078.52
2013-06-19,9122.27
2013-06-20,8916.55
2013-06-21,8784.31
2013-06-24,8554.43
2013-06-25,8505.58
2013-06-26,8507.1
2013-06-27,8572.04
2013-06-28,8817.2
2013-07-01,9019.8
2013-07-02,8967.81
2013-07-03,8779.6
2013-07-04,8844.08
2013-07-05,8867.74
2013-07-08,8845.36
2013-07-09,8915.41
2013-07-10,8874.92
2013-07-11,8947.67
2013-07-12,8975.52
2013-07-15,9085.68
2013-07-16,8971.29
2013-07-17,8899.2
2013-07-18,8990.76
2013-07-19,8918.92
2013-07-22,8897.7
2013-07-23,8920.56
2013-07-24,8750.49
2013-07-25,8669.89
2013-07-26,8578.98
2013-07-29,8468.29
2013-07-30,8265.04
2013-07-31,8282.83
2013-08-01,8168.59
2013-08-02,8079.59
2013-08-05,8104.46
2013-08-06,7906.4
2013-08-07,8008.08
2013-08-08,8107.5
2013-08-12,8238.34
2013-08-13,8362.82
2013-08-14,8404.37
2013-08-16,8147.87
2013-08-19,7994.37
2013-08-20,7946.92
2013-08-21,7832.17
2013-08-22,7922.09
2013-08-23,8019.84
2013-08-26,8076
2013-08-27,7881.83
2013-08-28,7797.28
2013-08-29,7914.42
2013-08-30,7964.41
2013-09-02,8098.87
2013-09-03,7911.05
2013-09-04,7993.18
2013-09-05,8127.45
2013-09-06,8181.24
2013-09-10,8328.85
2013-09-11,8460.11
2013-09-12,8400.32
2013-09-13,8462.15
2013-09-16,8419.65
2013-09-17,8393.31
2013-09-18,8439.08
2013-09-19,8687.1
2013-09-20,8571.95
2013-09-23,8489.06
2013-09-24,8502.33
2013-09-25,8538.03
2013-09-26,8533.7
2013-09-27,8532.18
2013-09-30,8466.22
2013-10-01,8513.84
2013-10-03,8647.58
2013-10-04,8662.68
2013-10-07,8722.52
2013-10-08,8732.97
2013-10-09,8823.63
2013-10-10,8857.69
2013-10-11,8860.11
2013-10-14,8914.76
2013-10-15,8804.29
2013-10-17,8765.88
2013-10-18,8885.6
2013-10-21,8976.94
2013-10-22,9016.83
2013-10-23,9002.55
2013-10-24,9000.69
2013-10-25,8911.84
2013-10-28,8838.37
2013-10-29,8972.16
2013-10-30,8984.27
2013-10-31,9117.21
2013-11-01,9229.02
2013-11-03,9293.25
2013-11-05,9350.01
2013-11-06,9342.67
2013-11-07,9210.78
2013-11-08,9198.72
2013-11-11,9115.66
2013-11-12,9028.05
2013-11-13,8965.05
2013-11-14,9096.59
2013-11-18,9216.93
2013-11-19,9220.65
2013-11-20,9162.73
2013-11-21,9010.89
2013-11-22,9017.46
2013-11-25,9156.12
2013-11-26,9113.86
2013-11-27,9114.39
2013-11-28,9196.41
2013-11-29,9299.5
2013-12-02,9363.17
2013-12-03,9367.67
2013-12-04,9277.64
2013-12-05,9351.75
2013-12-06,9401.39
2013-12-09,9494.85
2013-12-10,9443.04
2013-12-11,9388.46
2013-12-12,9334.81
2013-12-13,9205.95
2013-12-16,9244.71
2013-12-17,9232.32
2013-12-18,9368.61
2013-12-19,9332.74
2013-12-20,9489.12
2013-12-23,9591.01
2013-12-24,9642.09
2013-12-26,9661.6
2013-12-27,9726.27
2013-12-30,9696.86
2013-12-31,9770.41
2014-01-01,9822.08
2014-01-02,9613.11
2014-01-03,9641.3
2014-01-06,9665.47
2014-01-07,9575.58
2014-01-08,9625.97
2014-01-09,9552.32
2014-01-10,9458.93
2014-01-13,9442.3
2014-01-14,9446.37
2014-01-15,9502.68
2014-01-16,9462.42
2014-01-17,9355.17
2014-01-20,9451.15
2014-01-21,9474.6
2014-01-22,9487.59
2014-01-23,9453.95
2014-01-24,9287.15
2014-01-27,9021.85
2014-01-28,9013.92
2014-01-29,9061.47
2014-01-30,8937.3
2014-01-31,9141.7
2014-02-03,9041.24
2014-02-04,9077.21
2014-02-05,9129.05
2014-02-06,9158.27
2014-02-07,9229.17
2014-02-10,9197.01
2014-02-11,9202.46
2014-02-12,9202.03
2014-02-13,9087.12
2014-02-14,9110.05
2014-02-17,9117.63
2014-02-18,9199.43
2014-02-19,9251.72
2014-02-20,9237.7
2014-02-21,9310.42
2014-02-24,9343.36
2014-02-25,9351.13
2014-02-26,9368.56
2014-02-28,9482.39
2014-03-03,9445.87
2014-03-04,9565.47
2014-03-05,9701.42
2014-03-06,9837.25
2014-03-07,9872.22
2014-03-10,9921.15
2014-03-11,9893.58
2014-03-12,9858.79
2014-03-13,9787.95
2014-03-14,9785.83
2014-03-18,9910.31
2014-03-19,9927.05
2014-03-20,9852.73
2014-03-21,9915.05
2014-03-22,9935.5
2014-03-24,9984.03
2014-03-25,10064.08
2014-03-26,10123.66
2014-03-27,10156.22
2014-03-28,10349.72
2014-03-31,10467.99
2014-04-01,10437.44
2014-04-02,10590.3
2014-04-03,10507.28
2014-04-04,10502.49
2014-04-07,10473.46
2014-04-09,10636.56
2014-04-10,10769.19
2014-04-11,10762.06
2014-04-15,10669.97
2014-04-16,10582.36
2014-04-17,10737.21
2014-04-21,10827.42
2014-04-22,10823.1
2014-04-23,10821.17
2014-04-25,10809.46
2014-04-28,10887.76
2014-04-29,10818.47
2014-04-30,10677.5
2014-05-02,10727.86
2014-05-05,10727.43
2014-05-06,10750.71
2014-05-07,10725.02
2014-05-08,10699.91
2014-05-09,10901.01
2014-05-12,11008.61
2014-05-13,11236.18
2014-05-14,11418.44
2014-05-15,11304.62
2014-05-16,11537.41
2014-05-19,12050.18
2014-05-20,12164.91
2014-05-21,12255.17
2014-05-22,12468.11
2014-05-23,12720.2
2014-05-26,12466.59
2014-05-27,12337.4
2014-05-28,12414.89
2014-05-29,12298.19
2014-05-30,12333.13
2014-06-02,12607.46
2014-06-03,12717.89
2014-06-04,12916.21
2014-06-05,13100.67
2014-06-06,13319.8
2014-06-09,13470
2014-06-10,13399.32
2014-06-11,13241.86
2014-06-12,13307.56
2014-06-13,12955.5
2014-06-16,13002.97
2014-06-17,13166.62
2014-06-18,13047.03
2014-06-19,12955.32
2014-06-20,12867.51
2014-06-23,12956.72
2014-06-24,13167.68
2014-06-25,13226.62
2014-06-26,13159.01
2014-06-27,13214.34
2014-06-30,13504.86
2014-07-01,13591.41
2014-07-02,13807.65
2014-07-03,13831.86
2014-07-04,13906.85
2014-07-07,13940.69
2014-07-08,13337.96
2014-07-09,13128.96
2014-07-10,13212.09
2014-07-11,12788.62
2014-07-14,12819.86
2014-07-15,13119.35
2014-07-16,13312.53
2014-07-17,13475.13
2014-07-18,13415.07
2014-07-21,13401.42
2014-07-22,13411.5
2014-07-23,13357.28
2014-07-24,13340.82
2014-07-25,13169.73
2014-07-28,13128.38
2014-07-30,13215.3
2014-07-31,13238.2
2014-08-01,13147.25
2014-08-04,13289.2
2014-08-05,13381.04
2014-08-06,13296.04
2014-08-07,13236.12
2014-08-08,13014.35
2014-08-11,13136.89
2014-08-12,13232.71
2014-08-13,13095.73
2014-08-14,13225.48
2014-08-18,13443.71
2014-08-19,13582.16
2014-08-20,13624.93
2014-08-21,13684.21
2014-08-22,13709.45
2014-08-25,13586.23
2014-08-26,13612.17
2014-08-27,13658.84
2014-08-28,13603.26
2014-09-01,13874.18
2014-09-02,13951.42
2014-09-03,14088.73
2014-09-04,14122.02
2014-09-05,14161.73
2014-09-08,14355.6
2014-09-09,14419.5
2014-09-10,14389.64
2014-09-11,14530.84
2014-09-12,14592.45
2014-09-15,14627.34
2014-09-16,14087.08
2014-09-17,14177.86
2014-09-18,14460.33
2014-09-19,14373.47
2014-09-22,14339.61
2014-09-23,14067.25
2014-09-24,13965.27
2014-09-25,13695.15
2014-09-26,13844.82
2014-09-29,13964.37
2014-09-30,13993.96
2014-10-01,13938.8
2014-10-07,13783.92
2014-10-08,13758.74
2014-10-09,13981.25
2014-10-10,13764.22
2014-10-13,13830.14
2014-10-14,13811.87
2014-10-16,13461.34
2014-10-17,13568.06
2014-10-20,13764.16
2014-10-21,13873.59
2014-10-22,14012.62
2014-10-23,14123.1
2014-10-27,14064.55
2014-10-28,14140.29
2014-10-29,14205.33
2014-10-30,14287.29
2014-10-31,14513.06
2014-11-03,14656.71
2014-11-05,14679.95
2014-11-07,14702.68
2014-11-10,14707.94
2014-11-11,14818.8
2014-11-12,14912.92
2014-11-13,14818.28
2014-11-14,14951.72
2014-11-17,15037.74
2014-11-18,15135.3
2014-11-19,15025.91
2014-11-20,15019.72
2014-11-21,15019.58
2014-11-24,15073.47
2014-11-25,14861.73
2014-11-26,14930.52
2014-11-27,15013.67
2014-11-28,15186.47
2014-12-01,15150.81
2014-12-02,15300.64
2014-12-03,15534.09
2014-12-04,15612.35
2014-12-05,15527.92
2014-12-08,15357.43
2014-12-09,15107.02
2014-12-10,15247.94
2014-12-11,15113.91
2014-12-12,14943.85
2014-12-15,14873.04
2014-12-16,14495.48
2014-12-17,14436.95
2014-12-18,14863.81
2014-12-19,14951.17
2014-12-22,15078.5
2014-12-23,14989.78
2014-12-24,15003.65
2014-12-26,15082.15
2014-12-29,15212.2
2014-12-30,15286.64
2014-12-31,15424.98
2015-01-01,15467.21
2015-01-02,15567.14
2015-01-05,15580.48
2015-01-06,15108.59
2015-01-07,15151.74
2015-01-08,15415.23
2015-01-09,15424.27
2015-01-12,15496.98
2015-01-13,15498.67
2015-01-14,15466.44
2015-01-15,15681.83
2015-01-16,15775.49
2015-01-19,15818.46
2015-01-20,15874.8
2015-01-21,15889.42
2015-01-22,15922.69
2015-01-23,15979.52
2015-01-27,16113.05
2015-01-28,16206.81
2015-01-29,16162.01
2015-01-30,16094.57
2015-02-02,16197.57
2015-02-03,16067.79
2015-02-04,16011.58
2015-02-05,15775.67
2015-02-06,15630.85
2015-02-09,15369.45
2015-02-10,15473.47
2015-02-11,15753.29
2015-02-12,15939.9
2015-02-13,16069.6
2015-02-16,16042.72
2015-02-18,16164.15
2015-02-19,16198.57
2015-02-20,16196.16
2015-02-23,16037.35
2015-02-24,15979.73
2015-02-25,15954.15
2015-02-26,15769.19
2015-02-27,16090.59
2015-02-28,16095.71
2015-03-02,16348.35
2015-03-03,16474.91
2015-03-04,16257.39
2015-03-05,16388.25
2015-03-09,16174.33
2015-03-10,16177.94
2015-03-11,16118.75
2015-03-12,16370.78
2015-03-13,16151.26
2015-03-16,16089.9
2015-03-17,16246.76
2015-03-18,16273.97
2015-03-19,16215.21
2015-03-20,15976.53
2015-03-23,15847.17
2015-03-24,15800.66
2015-03-25,15820.84
2015-03-26,15678.51
2015-03-27,15651.83
2015-03-30,15888.9
2015-03-31,15965.18
2015-04-01,16152.34
2015-04-06,16300.32
2015-04-07,16442.27
2015-04-08,16570.3
2015-04-09,16610.99
2015-04-10,16726.39
2015-04-13,16778.95
2015-04-15,16657.62
2015-04-16,16540.88
2015-04-17,16286.68
2015-04-20,15894.37
2015-04-21,15776.23
2015-04-22,15816.03
2015-04-23,15826.21
2015-04-24,15543.6
2015-04-27,15189.79
2015-04-28,15446.58
2015-04-29,15531.68
2015-04-30,15584.49
2015-05-04,15902.6
2015-05-05,15976.85
2015-05-06,15424.05
2015-05-07,15136.11
2015-05-08,15394.41
2015-05-11,15688.46
2015-05-12,15435.09
2015-05-13,15675.73
2015-05-14,15891.37
2015-05-15,15938.79
2015-05-18,16059.82
2015-05-19,16055.81
2015-05-20,16050.95
2015-05-21,16029.17
2015-05-22,16082.97
2015-05-25,16087.74
2015-05-26,16087.57
2015-05-27,16090.97
2015-05-28,16019.45
2015-05-29,16195.62
2015-06-01,16194.78
2015-06-02,15843.15
2015-06-03,15601.79
2015-06-04,15602.33
2015-06-05,15631.31
2015-06-08,15390.05
2015-06-09,15331.98
2015-06-10,15501.65
2015-06-11,15242.03
2015-06-12,15252
2015-06-15,15281.19
2015-06-16,15334.49
2015-06-17,15573.46
2015-06-18,15692.66
2015-06-19,15796.8
2015-06-22,16041.78
2015-06-23,16093.36
2015-06-24,15938.12
2015-06-25,16053.39
2015-06-26,16070.08
2015-06-29,15822.33
2015-06-30,16001.95
2015-07-01,16241.46
2015-07-02,16378.5
2015-07-03,16336.71
2015-07-06,16501.83
2015-07-07,16579.22
2015-07-08,16375.44
2015-07-09,16318.18
2015-07-10,16325.5
2015-07-13,16538.55
2015-07-14,16583.25
2015-07-15,16637.89
2015-07-16,16848.03
2015-07-17,16903.34
2015-07-20,16946.77
2015-07-21,16661.36
2015-07-22,16830.57
2015-07-23,16861.94
2015-07-24,16735.69
2015-07-27,16525.84
2015-07-28,16453.38
2015-07-29,16586.85
2015-07-30,16732.47
2015-07-31,16935.37
2015-08-03,17062.56
2015-08-04,17310.29
2015-08-05,17458.31
2015-08-06,17446.26
2015-08-07,17418.52
2015-08-10,17401.97
2015-08-11,17288.1
2015-08-12,16889.61
2015-08-13,16831.45
2015-08-14,17178.16
2015-08-17,17254.39
2015-08-18,17342.55
2015-08-19,17377.05
2015-08-20,17074.68
2015-08-21,16972.7
2015-08-24,15483.97
2015-08-25,15792.6
2015-08-26,15749.81
2015-08-27,16181.84
2015-08-28,16217.62
2015-08-31,16124.76
2015-09-01,15789.65
2015-09-02,15734.75
2015-09-03,15917.95
2015-09-04,15568.98
2015-09-07,15231.81
2015-09-08,15329.21
2015-09-09,15639.96
2015-09-10,15668.83
2015-09-11,15718.11
2015-09-14,15935.27
2015-09-15,15814.84
2015-09-16,15710.49
2015-09-18,15787.43
2015-09-21,15879.35
2015-09-22,15661.17
2015-09-23,15761.28
2015-09-24,15792.58
2015-09-28,15751.2
2015-09-29,15768.28
2015-09-30,16069.58
2015-10-01,16087.18
2015-10-05,16425.5
2015-10-06,16503.48
2015-10-07,16524.67
2015-10-08,16418.18
2015-10-09,16404.97
2015-10-12,16390.01
2015-10-13,16392.47
2015-10-14,16368.34
2015-10-15,16418.36
2015-10-16,16499.81
2015-10-19,16633.6
2015-10-20,16691.56
2015-10-21,16665.11
2015-10-23,16622.03
2015-10-26,16541.9
2015-10-27,16555.08
2015-10-28,16485.56
2015-10-29,16417.53
2015-10-30,16387.87
2015-11-02,16349.36
2015-11-03,16420.28
2015-11-04,16428.6
2015-11-05,16190.07
2015-11-06,16090.2
2015-11-09,16187.93
2015-11-10,15912.38
2015-11-11,16085.95
2015-11-13,15955.32
2015-11-16,15952.99
2015-11-17,16046.72
2015-11-18,15944.84
2015-11-19,16102.98
2015-11-20,16209.65
2015-11-23,16242.15
2015-11-24,16257.6
2015-11-26,16322.39
2015-11-27,16380.99
2015-11-30,16406.34
2015-12-01,16541.04
2015-12-02,16543.75
2015-12-03,16454.23
2015-12-04,16334.77
2015-12-07,16325.05
2015-12-08,16126.4
2015-12-09,15841.8
2015-12-10,15980.46
2015-12-11,15860.09
2015-12-14,15934.46
2015-12-15,16024.85
2015-12-16,16091.25
2015-12-17,16371.84
2015-12-18,16318.66
2015-12-21,16444.69
2015-12-22,16380.89
2015-12-23,16456.49
2015-12-24,16524.4
2015-12-28,16534.2
2015-12-29,16569.15
2015-12-30,16559.37
2015-12-31,16597.93
2016-01-01,16776.04
2016-01-04,16638.41
2016-01-05,16783.15
2016-01-06,16742.26
2016-01-07,16267.86
2016-01-08,16464.12
2016-01-11,16333.75
2016-01-12,16215.08
2016-01-13,16098.84
2016-01-14,15906.04
2016-01-15,15462.89
2016-01-18,14961.03
2016-01-19,15178.16
2016-01-20,14903.68
2016-01-21,14831.12
2016-01-22,15146.3
2016-01-25,15203.76
2016-01-27,15269.74
2016-01-28,15247.7
2016-01-29,15453.74
2016-02-01,15524.36
2016-02-02,15303.95
2016-02-03,15090.91
2016-02-04,15065.06
2016-02-05,15351.1
2016-02-08,15327.03
2016-02-09,15092.53
2016-02-10,14922.46
2016-02-11,14379.76
2016-02-12,14246.8
2016-02-15,14782.52
2016-02-16,14422.11
2016-02-17,14559.29
2016-02-18,14677.23
2016-02-19,14675.22
2016-02-22,14763.91
2016-02-23,14569.59
2016-02-24,14466.13
2016-02-25,14327.54
2016-02-26,14302.37
2016-02-29,14352.69
2016-03-01,14721.8
2016-03-02,15026.41
2016-03-03,15155
2016-03-04,15290.72
2016-03-08,15305.08
2016-03-09,15340.52
2016-03-10,15282.9
2016-03-11,15274.12
2016-03-14,15329.89
2016-03-15,15213.93
2016-03-16,15161.1
2016-03-17,15284.74
2016-03-18,15430.45
2016-03-21,15634.12
2016-03-22,15672.88
2016-03-23,15724.04
2016-03-28,15479.48
2016-03-29,15432.92
2016-03-30,15746.04
2016-03-31,15873.06
2016-04-01,15922.06
2016-04-04,15994.22
2016-04-05,15741.76
2016-04-06,15884.53
2016-04-07,15814.74
2016-04-08,15923.48
2016-04-11,16063.63
2016-04-12,16176.47
2016-04-13,16352.03
2016-04-18,16530.33
2016-04-20,16601.32
2016-04-21,16490.49
2016-04-22,16489.69
2016-04-25,16391.8
2016-04-26,16529.69
2016-04-27,16563.97
2016-04-28,16387.42
2016-04-29,16427.1
2016-05-02,16521.69
2016-05-03,16378.22
2016-05-04,16139.54
2016-05-05,16140.93
2016-05-06,16186.26
2016-05-09,16364.39
2016-05-10,16319.22
2016-05-11,16303.32
2016-05-12,16410.42
2016-05-13,16346.82
2016-05-16,16359.13
2016-05-17,16372.32
2016-05-18,16431.06
2016-05-19,16232.49
2016-05-20,16146.69
2016-05-23,16101.53
2016-05-24,16017
2016-05-25,16156.41
2016-05-26,16315.22
2016-05-27,16520.17
2016-05-30,16601.42
2016-05-31,16548.68
2016-06-01,16522.64
2016-06-02,16596.54
2016-06-03,16504.18
2016-06-06,16501.65
2016-06-07,16599.13
2016-06-08,16710.07
2016-06-09,16658.18
2016-06-10,16595.1
2016-06-13,16467.57
2016-06-14,16561.88
2016-06-15,16665.77
2016-06-16,16633.12
2016-06-17,16634.42
2016-06-20,16719.2
2016-06-21,16767.23
2016-06-22,16737.35
2016-06-23,16755.87
2016-06-24,16547.38
2016-06-27,16697.85
2016-06-28,16803.94
2016-06-29,17025.15
2016-06-30,17207.93
2016-07-01,17403.87
2016-07-04,17556.41
2016-07-05,17591.96
2016-07-07,17557.72
2016-07-08,17542.47
2016-07-11,17786.1
2016-07-12,17881.63
2016-07-13,17773.07
2016-07-14,17876.54
2016-07-15,17806.67
2016-07-18,17699.73
2016-07-19,17722.64
2016-07-20,17917.82
2016-07-21,17830.54
2016-07-22,18001.4
2016-07-25,18163.44
2016-07-26,18152.63
2016-07-27,18198.1
2016-07-28,18331.71
2016-07-29,18428.33
2016-08-01,18578.04
2016-08-02,18427.58
2016-08-03,18122.31
2016-08-04,18216.32
2016-08-05,18508.52
2016-08-08,18625.26
2016-08-09,18587.32
2016-08-10,18371.44
2016-08-11,18408.58
2016-08-12,18506.9
2016-08-16,18590.9
2016-08-17,18718.73
2016-08-18,18864.91
2016-08-19,18977.34
2016-08-22,18850.13
2016-08-23,18815.33
2016-08-24,18944.87
2016-08-25,18866.1
2016-08-26,18909.18
2016-08-29,18976.68
2016-08-30,19160.21
2016-08-31,19213.48
2016-09-01,19121.71
2016-09-02,19232.94
2016-09-06,19500.59
2016-09-07,19536.02
2016-09-08,19687.56
2016-09-09,19523.84
2016-09-12,18926.53
2016-09-14,19158.94
2016-09-15,19195.55
2016-09-16,19191.07
2016-09-19,19322.55
2016-09-20,19285.33
2016-09-21,19280.83
2016-09-22,19570.84
2016-09-23,19613.46
2016-09-26,19496.74
2016-09-27,19472.87
2016-09-28,19640
2016-09-29,18894.16
2016-09-30,19288.38
2016-10-03,19836.53
2016-10-04,19997.74
2016-10-05,20118.3
2016-10-06,20008.19
2016-10-07,19988.13
2016-10-10,20013.5
2016-10-13,19746.74
2016-10-14,19891.36
2016-10-17,19663.57
2016-10-18,19956.16
2016-10-19,19946.18
2016-10-20,20021.94
2016-10-21,20118
2016-10-24,20038.42
2016-10-25,20017.99
2016-10-26,19768.08
2016-10-27,19569.4
2016-10-28,19832.07
2016-10-30,19920.88
2016-11-01,19947.45
2016-11-02,19528.45
2016-11-03,19308.89
2016-11-04,19024.79
2016-11-07,19228.45
2016-11-08,19282.8
2016-11-09,18892.32
2016-11-10,19274.29
2016-11-11,18602.14
2016-11-15,17911.49
2016-11-16,17902.78
2016-11-17,17898.48
2016-11-18,17989.72
2016-11-21,17481.49
2016-11-22,17739.8
2016-11-23,17953.77
2016-11-24,17925.04
2016-11-25,18199.76
2016-11-28,18317.23
2016-11-29,18418.41
2016-11-30,18673.26
2016-12-01,18446.9
2016-12-02,18181.91
2016-12-05,18299.46
2016-12-06,18394.25
2016-12-07,18315.81
2016-12-08,18599.66
2016-12-09,18703.71
2016-12-12,18488.16
2016-12-13,18429.47
2016-12-14,18317.26
2016-12-15,18388.23
2016-12-16,18313.85
2016-12-19,18218.73
2016-12-20,17961.22
2016-12-21,17966.21
2016-12-22,17707.42
2016-12-23,17634.18
2016-12-26,17238.69
2016-12-27,17502.29
2016-12-28,17580.42
2016-12-29,17835.83
2016-12-30,17977.22
2017-01-02,18142.3
2017-01-03,18300.88
2017-01-04,18390.36
2017-01-05,18634.45
2017-01-06,18606.97
2017-01-09,18631.1
2017-01-10,18769.94
2017-01-11,18989.75
2017-01-12,19031.24
2017-01-13,19013.4
2017-01-16,19089.43
2017-01-17,19094.4
2017-01-18,19202.58
2017-01-19,19266.72
2017-01-20,18949.55
2017-01-23,19039.27
2017-01-24,19227.94
2017-01-25,19438.69
2017-01-27,19607.34
2017-01-30,19604.01
2017-01-31,19324.72
2017-02-01,19716.5
2017-02-02,19850.25
2017-02-03,20105.58
2017-02-06,20279.6
2017-02-07,20188.99
2017-02-08,20281.23
2017-02-09,20370.34
2017-02-10,20348.58
2017-02-13,20233.69
2017-02-14,20185.7
2017-02-15,19861.86
2017-02-16,20190.81
2017-02-17,20285.34
2017-02-20,20511.98
2017-02-21,20640.67
2017-02-22,20519.18
2017-02-23,20528.22
2017-02-27,20572.06
2017-02-28,20701.57
2017-03-01,20775.45
2017-03-02,20461.12
2017-03-03,20555.29
2017-03-06,20681.49
2017-03-07,20688.09
2017-03-08,20553.74
2017-03-09,20516.48
2017-03-10,20463.76
2017-03-14,20761.05
2017-03-15,20933.03
2017-03-16,21235.08
2017-03-17,21245.69
2017-03-20,21321.79
2017-03-21,21276.96
2017-03-22,21021.91
2017-03-23,21237.72
2017-03-24,21291.82
2017-03-27,21281.82
2017-03-28,21415.28
2017-03-29,21466.06
2017-03-30,21551.1
2017-03-31,21660.5
2017-04-03,21831.49
2017-04-05,22000.47
2017-04-06,22003.27
2017-04-07,21914.43
2017-04-10,22007.57
2017-04-11,22294.73
2017-04-12,22162.87
2017-04-13,22106.06
2017-04-17,22206.3
2017-04-18,22056.08
2017-04-19,22226.75
2017-04-20,22428.4
2017-04-21,22433.79
2017-04-24,22572.25
2017-04-25,22765.33
2017-04-26,22715.41
2017-04-27,22695.2
2017-04-28,22796.63
2017-05-02,22924.37
2017-05-03,22847.16
2017-05-04,22975.84
2017-05-05,22749.37
2017-05-08,22893.35
2017-05-09,23010.18
2017-05-10,23138.12
2017-05-11,23143.64
2017-05-12,22991.15
2017-05-15,23199.82
2017-05-16,23316.22
2017-05-17,23266.28
2017-05-18,22737.44
2017-05-19,22600.14
2017-05-22,22346.97
2017-05-23,21973.98
2017-05-24,21590.7
2017-05-25,21874.16
2017-05-26,22178.23
2017-05-29,21723.62
2017-05-30,21957.62
2017-05-31,22081.69
2017-06-01,22218.56
2017-06-02,22409.79
2017-06-05,22483.35
2017-06-06,22365.92
2017-06-07,22519.92
2017-06-08,22582.59
2017-06-09,22695.38
2017-06-12,22550.37
2017-06-13,22555
2017-06-14,22618.18
2017-06-15,22683.75
2017-06-16,22709.14
2017-06-19,22702
2017-06-20,22726.83
2017-06-21,22767.19
2017-06-22,22593.19
2017-06-23,22313.57
2017-06-27,22025.44
2017-06-28,22110.37
2017-06-29,22209.26
2017-06-30,22372.01
2017-07-03,22594.3
2017-07-04,22547.55
2017-07-05,22770.68
2017-07-06,22818.51
2017-07-07,22849.91
2017-07-10,23045.71
2017-07-11,22844.78
2017-07-12,23008.26
2017-07-13,23082.54
2017-07-14,23086.9
2017-07-17,23127.66
2017-07-18,23009.2
2017-07-19,23171.63
2017-07-20,23109.03
2017-07-21,23072.11
2017-07-24,23124.68
2017-07-25,23218.39
2017-07-26,23285
2017-07-27,23224
2017-07-28,23343.44
2017-07-31,23409.59
2017-08-01,23408.1
2017-08-02,23421.59
2017-08-03,23168.14
2017-08-04,23234.51
2017-08-07,23494.62
2017-08-08,23210.32
2017-08-09,22823.56
2017-08-10,22093.37
2017-08-11,21964.88
2017-08-14,22591.04
2017-08-16,22890.06
2017-08-17,22937.05
2017-08-18,22841.5
2017-08-21,22509.5
2017-08-22,22338.49
2017-08-23,22607.06
2017-08-24,22743.62
2017-08-28,22991.4
2017-08-29,22733.97
2017-08-30,23056.92
2017-08-31,23140.54
2017-09-01,23428.98
2017-09-04,23254.56
2017-09-05,23494.47
2017-09-06,23502.46
2017-09-07,23581.09
2017-09-08,23523.74
2017-09-11,23727.5
2017-09-12,23979.27
2017-09-13,23841.01
2017-09-14,24005.93
2017-09-15,24025.56
2017-09-18,24200.24
2017-09-19,24215.35
2017-09-20,24162.14
2017-09-21,24009.82
2017-09-22,23324.07
2017-09-25,23016.69
2017-09-26,23154.94
2017-09-27,22622.79
2017-09-28,22750.22
2017-09-29,22961.55
2017-10-03,23079.74
2017-10-04,23157.68
2017-10-05,23284.99
2017-10-06,23494.45
2017-10-09,23489.44
2017-10-10,23685.24
2017-10-11,23433.77
2017-10-12,23691.11
2017-10-13,23741.93
2017-10-16,23812.57
2017-10-17,23950.57
2017-10-18,23924.7
2017-10-19,23826.3
2017-10-23,23896.15
2017-10-24,23976.53
2017-10-25,24361.63
2017-10-26,24527.3
2017-10-27,24527.01
2017-10-30,24798.61
2017-10-31,24828.31
2017-11-01,24967.36
2017-11-02,25025.15
2017-11-03,25091.43
2017-11-06,25128.28
2017-11-07,24723.78
2017-11-08,24566.82
2017-11-09,24860.37
2017-11-10,24855.09
2017-11-13,24739.24
2017-11-14,24687.8
2017-11-15,24417.57
2017-11-16,24685.93
2017-11-17,24942.93
2017-11-20,25141.17
2017-11-21,25181.83
2017-11-22,25176.1
2017-11-23,25250.29
2017-11-24,25377.33
2017-11-27,25505.52
2017-11-28,25522.23
2017-11-29,25441.96
2017-11-30,25264.17
2017-12-01,25005.83
2017-12-04,25080.09
2017-12-05,25087.35
2017-12-06,24828.34
2017-12-07,25182.88
2017-12-08,25416.06
2017-12-11,25550.46
2017-12-12,25330.01
2017-12-13,25086.09
2017-12-14,25093.31
2017-12-15,25349.46
2017-12-18,25562.13
2017-12-19,25932.89
2017-12-20,26096.01
2017-12-21,26377
2017-12-22,26456.37
2017-12-26,26673.16
2017-12-27,26641.44
2017-12-28,26656.13
2017-12-29,26836.68
2018-01-01,26806.61
2018-01-02,26616
2018-01-03,26795.8
2018-01-04,27058.73
2018-01-05,27301.95
2018-01-08,27580.25
2018-01-09,27547.73
2018-01-10,27508.17
2018-01-11,27580.45
2018-01-12,27549.19
2018-01-15,27552.73
2018-01-16,27044.66
2018-01-17,27323.03
2018-01-18,26791.65
2018-01-19,27059.34
2018-01-22,27311.61
2018-01-23,27596.47
2018-01-24,27476.87
2018-01-25,27248.72
2018-01-29,27016.45
2018-01-30,26800.07
2018-01-31,26397.15
2018-02-01,26234.82
2018-02-02,25096.78
2018-02-05,25047.67
2018-02-06,24645.36
2018-02-07,24744.53
2018-02-08,25190.01
2018-02-09,25246.73
2018-02-12,25599.1
2018-02-14,25602.23
2018-02-15,25324.27
2018-02-16,25037.52
2018-02-19,24769.79
2018-02-20,24772.86
2018-02-21,24766.25
2018-02-22,24639.46
2018-02-23,25063.29
2018-02-26,25249.55
2018-02-27,25029.75
2018-02-28,25008.1
2018-03-01,24814.05
2018-03-05,24578.86
2018-03-06,24292.89
2018-03-07,23908.41
2018-03-08,24025.29
2018-03-09,23880.24
2018-03-12,24118.87
2018-03-13,24305.74
2018-03-14,24402.49
2018-03-15,24498.09
2018-03-16,24239.34
2018-03-19,23869.01
2018-03-20,23960.81
2018-03-21,24050.16
2018-03-22,23848.82
2018-03-23,23505.63
2018-03-26,23809.38
2018-03-27,24138.64
2018-03-28,23880.84
2018-04-02,24314.28
2018-04-03,24528.96
2018-04-04,24243.28
2018-04-05,24724.68
2018-04-06,24852.38
2018-04-09,24948.42
2018-04-10,24994.6
2018-04-11,24997.43
2018-04-12,24918.96
2018-04-13,25052.18
2018-04-16,25253.59
2018-04-17,25286.54
2018-04-18,25262.58
2018-04-19,25431.49
2018-04-20,25344.48
2018-04-23,25474.47
2018-04-24,25458.77
2018-04-25,25360.29
2018-04-26,25454.66
2018-04-27,25625.04
2018-04-30,25840.95
2018-05-02,25455.63
2018-05-03,25185.36
2018-05-04,25115.3
2018-05-07,25303.5
2018-05-08,25266.92
2018-05-09,25132.95
2018-05-10,24738.16
2018-05-11,24844.12
2018-05-14,24549.15
2018-05-15,24322.26
2018-05-16,24304.16
2018-05-17,24393.86
2018-05-18,24060.8
2018-05-21,23652.55
2018-05-22,23713.61
2018-05-23,23570.43
2018-05-24,23469.68
2018-05-25,23927.86
2018-05-28,24264.27
2018-05-29,24180.54
2018-05-30,24168.12
2018-05-31,24077.73
2018-06-01,23740.31
2018-06-04,23472.44
2018-06-05,23175.04
2018-06-06,23503.79
2018-06-07,23862.32
2018-06-08,23988.04
2018-06-11,23981.05
2018-06-12,24185.37
2018-06-13,24101.25
2018-06-14,24120.02
2018-06-15,23965.15
2018-06-18,23881.93
2018-06-19,23592.2
2018-06-20,23717.1
2018-06-21,23584.99
2018-06-22,23697.96
2018-06-25,23569.23
2018-06-26,23525.01
2018-06-27,23171.55
2018-06-28,22742.72
2018-06-29,23171.77
2018-07-02,23021.96
2018-07-03,23233.56
2018-07-04,23267.5
2018-07-05,23104.7
2018-07-06,23224.46
2018-07-09,23597.58
2018-07-10,23767.46
2018-07-11,23653.76
2018-07-12,23558.34
2018-07-13,23289.51
2018-07-16,22705.15
2018-07-17,23234.97
2018-07-18,22995.66
2018-07-19,22839.31
2018-07-20,23054.63
2018-07-23,23317.96
2018-07-24,23624.62
2018-07-25,23636.84
2018-07-26,23787.03
2018-07-27,24002.88
2018-07-30,24029.63
2018-07-31,24125.5
2018-08-01,24163.08
2018-08-02,24198.88
2018-08-03,24440.24
2018-08-06,24550.81
2018-08-07,24482.19
2018-08-08,24478.68
2018-08-09,24602.54
2018-08-10,24473.69
2018-08-13,24315.7
2018-08-14,24606.35
2018-08-16,24583.39
2018-08-17,24866.95
2018-08-20,25066.75
2018-08-21,25112.33
2018-08-23,25073.69
2018-08-24,25000.17
2018-08-27,25296.76
2018-08-28,25226.12
2018-08-29,25364.7
2018-08-30,25396.88
2018-08-31,25489.06
2018-09-03,25420.26
2018-09-04,24729.55
2018-09-05,24625.44
2018-09-06,24730.66
2018-09-07,25054.84
2018-09-10,24623.52
2018-09-11,24293.92
2018-09-12,24386.49
2018-09-14,24827.58
2018-09-17,24665.7
2018-09-18,24320.72
2018-09-19,24099.42
2018-09-21,23498.45
2018-09-24,22858.61
2018-09-25,22879.82
2018-09-26,22951.9
2018-09-27,22425.61
2018-09-28,21970.31
2018-10-01,22138.01
2018-10-03,21882.49
2018-10-04,21435.14
2018-10-05,20875.79
2018-10-08,20562.82
2018-10-09,20496.71
2018-10-10,21345.54
2018-10-11,20846.83
2018-10-12,21447.34
2018-10-15,21647.28
2018-10-16,21982.04
2018-10-17,21484.33
2018-10-19,21151.39
2018-10-22,20886.54
2018-10-23,20706.42
2018-10-24,20976.66
2018-10-25,20846.53
2018-10-26,20821.64
2018-10-29,21453.66
2018-10-30,21603.37
2018-10-31,22019.33
2018-11-01,22211.27
2018-11-02,22329.83
2018-11-05,22244.27
2018-11-06,22119.31
2018-11-07,22291.69
2018-11-09,22556.66
2018-11-12,22345.23
2018-11-13,22409.73
2018-11-14,22402.99
2018-11-15,22520.81
2018-11-16,22442.87
2018-11-19,22551.68
2018-11-20,22334.6
2018-11-21,22446.44
2018-11-22,22241.39
2018-11-26,22284.63
2018-11-27,22398.04
2018-11-28,22187.51
2018-11-29,22301.62
2018-11-30,22441.89
2018-12-03,22603.91
2018-12-04,22550.82
2018-12-05,22220.82
2018-12-06,21860.84
2018-12-07,21866.09
